-- Chèn dữ liệu vào bảng DonViCapDon
INSERT INTO CTTV (CTTVID, TenCTTV) VALUES
(1, 'Bảo Việt Hòa Bình'),
(2, 'Bảo việt Lai Châu'),
(3, 'Bảo Việt Sơn La'),
(4, 'Bảo Việt Hải Dương'),
(5, 'Bảo Việt Quảng Ninh'),
(6, 'Bảo Việt Trà Vinh'),
(7, 'Bảo Việt Thái Bình'),
(8, 'Bảo Việt Lào Cai'),
(9, 'Bảo Việt Tuyên Quang'),
(10, 'Bảo Việt Đồng Tháp'),
(11, 'Bảo Việt Hà Nam'),
(12, 'Bảo Việt Hải Phòng'),
(13, 'Bảo Việt Tràng An'),
(14, 'Bảo Việt Nghệ An'),
(15, 'Bảo Việt Sơn Tây'),
(16, 'Bảo Việt Kiên Giang'),
(17, 'Bảo Việt Bắc Giang'),
(18, 'Bảo Việt Tiền Giang'),
(19, 'Bảo Việt Mỹ Đình'),
(20, 'Bảo Việt An Giang'),
(21, 'Bảo Việt Hà Tĩnh'),
(22, 'Bảo Việt Hà Giang'),
(23, 'Bảo Việt Tây Ninh'),
(24, 'Bảo Việt Ninh Thuận'),
(25, 'Bảo Việt Quảng Bình'),
(26, 'Bảo Việt Bến Tre'),
(27, 'Bảo Việt Yên Bái'),
(28, 'Bảo Việt Đông Đô'),
(29, 'Bảo Việt Phú Quốc'),
(30, 'Bảo Việt An Phú'),
(31, 'Bảo Việt Sóc Trăng'),
(32, 'Bảo Việt Đồng Nai'),
(33, 'Bảo Việt Hậu Giang'),
(34, 'TSC - Ban BHTT'),
(35, 'TSC - Ban PHH'),
(36, 'TSC - Ban DA'),
(37, 'TSC - Ban KDBHSK'),
(38, 'Bảo Việt Bắc Cạn'),
(39, 'Bảo Việt Vũng Tàu'),
(40, 'Bảo Việt Cần Thơ'),
(41, 'Bảo Việt Hà Nội'),
(42, 'Bảo Việt Long An'),
(43, 'Bảo Việt Bình Dương'),
(44, 'Bảo Việt Điện Biên'),
(45, 'TSC - POOL'),
(46, 'Bảo Việt Hà Thành'),
(47, 'Bảo Việt Đà Nẵng'),
(48, 'Bảo Việt Thăng Long'),
(49, 'Bảo Việt Long Thành'),
(50, 'Bảo Việt Thành phố Hồ Chí Minh'),
(51, 'Bảo Việt Sài Gòn'),
(52, 'Bảo Việt Gia Định'),
(53, 'Bảo Việt Phú Mỹ'),
(54, 'Bảo Việt Vĩnh Long'),
(55, 'Bảo Việt Nam Bình Dương'),
(56, 'Bảo Việt Cà Mau'),
(57, 'Bảo Việt Bến Thành'),
(58, 'Bảo Việt Bạc Liêu'),
(59, 'Bảo Việt Bình Phước'),
(60, 'Bảo Việt Thanh Hóa'),
(61, 'Bảo Việt Bình Thuận'),
(62, 'Bảo Việt Quảng Nam'),
(63, 'Bảo Việt Bắc Ninh'),
(64, 'Bảo Việt Kon Tum'),
(65, 'Bảo Việt Lâm Đồng'),
(66, 'Bảo Việt Lạng Sơn'),
(67, 'Bảo Việt Phú Thọ'),
(68, 'Bảo Việt Đắk Lắk'),
(69, 'Bảo Việt Ninh Bình'),
(70, 'Bảo Việt Nam Định'),
(71, 'Bảo Việt Quảng Ngãi'),
(72, 'Bảo Việt Gia Lai'),
(73, 'Bảo Việt Phú Yên'),
(74, 'Bảo Việt Hưng Yên'),
(75, 'Bảo Việt Đông Bắc'),
(76, 'Bảo Việt Thái Nguyên'),
(77, 'Bảo Việt Bình Định'),
(78, 'Bảo Việt Khánh Hòa'),
(79, 'Bảo Việt Vĩnh Phúc'),
(80, 'Bảo Việt Thừa Thiên Huế'),
(81, 'Bảo Việt Đình Vũ'),
(82, 'Bảo Việt Quảng Trị'),
(83, 'Bảo Việt Đắc Nông'),
(84, 'Bảo Việt Cao Bằng');

-- Chèn dữ liệu vào bảng SanPham
INSERT INTO SanPham (SanPhamID, MaSanPham, TenSanPham, BanCapDon) VALUES
(1, 'TTV', 'BH tai nạn cho Thủy thủ thuyền viên', 'BHCN'),
(2, 'PAI', 'BH tai nạn con người (QĐ 3111)', 'BHCN'),
(3, 'CPA', 'BH tai nạn con người mức cao (mẫu đơn Cologne Re)', 'BHCN'),
(4, 'HGD', 'BH thành viên hộ gia đình/Sức khỏe người lao động', 'BHCN'),
(5, 'SDD', 'BH tai nạn người sử dụng điện', 'BHCN'),
(6, 'TNH', 'BH tai nạn hành khách', 'BHCN'),
(7, 'PCI', 'BH toàn diện học sinh/Tai nạn học sinh', 'BHCN'),
(8, 'KHN', 'BH Kết hợp con người (QĐ1420)', 'BHCN'),
(9, 'KHG', 'BH Kết hợp con người Giáo viên - CBNV ngành giáo dục', 'BHCN'),
(10, 'KHD', 'BH Kết hợp con người dài hạn', 'BHCN'),
(11, 'SMC', 'Bh Sinh mạng cá nhân theo quy tắc Kết hợp con người', 'BHCN'),
(12, 'BAGDV', 'BH Bảo an gia đình Việt (Quy tắc năm 2015)', 'BHCN'),
(13, 'BAL', 'BH Bảo an gia đình Việt 2020', 'BHCN'),
(14, 'NNTX', 'BH tai nạn Người ngồi trên mô tô, xe máy', 'BHCN'),
(15, 'TNLP', 'BH tai nạn lái phụ và người trên xe ô tô', 'BHCN'),
(16, 'WCI', 'BH bồi thường cho người lao động', 'BHCN'),
(17, 'NLD', 'BH đối với người lao động thi công trên công trường (NĐ67/2023)', 'BHCN'),
(18, 'NVV', 'BH Tín dụng cá nhân (Người vay vốn) theo quy tắc sức khỏe toàn diện số 6476/BTC-QLBH', 'BHCN'),
(19, 'ELI', 'BH trách nhiệm người sử dụng lao động', 'BHCN'),
(20, 'ATV', 'BH An tâm viện phí', 'BHCN'),
(21, 'BVM', 'BH vi mô (An bình yên vui)', 'BHCN'),
(22, 'BTT', 'BH Bảo Tín Tâm An (Người vay vốn mới ban hành theo QĐ398 năm 2023)', 'BHCN'),
(23, 'GFI', 'BH người chơi Golf', 'BHCN'),
(24, 'ATS', 'BH An Tâm sống khỏe', 'BHCN'),
(25, 'OPI', 'BH Con người khác (Đồng BH theo quy tắc của DNBH khác, đơn fronting,…)', 'BHCN'),
(26, 'DQT', 'Du lịch quốc tế', 'BHYT'),
(27, 'FLE', 'Du lịch Flexi', 'BHYT'),
(28, 'K Care', 'K Care', 'BHYT'),
(29, 'YDL', 'Người nước ngoài du lịch Việt Nam', 'BHYT'),
(30, 'YTK', 'Y tế kết hợp', 'BHYT'),
(31, 'BVC', 'BH Sức khoe', 'BHYT'),
(32, 'VNC', 'BH Vietnam care', 'BHYT'),
(33, 'APC', 'BH Aon premier care', 'BHYT'),
(34, 'AET', 'BH Allianz Care (Ultra Care cũ- cá nhân)', 'BHYT'),
(35, 'MGC', 'BH Marsh golden care', 'BHYT'),
(36, 'ITC', 'BH Inter care', 'BHYT'),
(37, 'MED', 'BH Medical care', 'BHYT'),
(38, 'ANC', 'BH Aon care', 'BHYT'),
(39, 'ACB', 'BH cuu tro y te cho nguoi su dung the ACB', 'BHYT'),
(40, 'BVI', 'BH Suc khoe toan dien', 'BHYT'),
(41, 'BVK', 'BH K-Care 2022', 'BHYT'),
(42, 'IGC', 'BH Allianz Summit (Aetna Summit cũ)', 'BHYT'),
(43, 'POL', 'BH dịch vụ Pool', 'BHYT'),
(44, 'BVL', 'Bao Viet An Gia_Kenh ban cheo', 'BHYT'),
(45, 'BVP', 'Bao Viet An Gia_Ngoai ban cheo', 'BHYT'),
(46, 'PGH', 'BH uu viet cho benh ung thu va tim mach', 'BHYT'),
(47, 'BTA', 'Bao Viet Tam An', 'BHYT'),
(48, 'CIO', 'CI Online', 'BHYT'),
(49, 'DHS', 'BH kết hợp TNCN & CPYT cho du học sinh Mỹ', 'BHYT'),
(50, 'FRT', 'BH dịch vụ Fronting', 'BHYT'),
(51, 'CIL', 'BH Bệnh hiểm nghèo cho người vay vốn', 'BHYT'),
(52, 'C37', 'BH 37 bệnh hiểm nghèo', 'BHYT'),
(53, 'BTB', 'Bảo Việt Tâm Bình cá nhân_Mới', 'BHYT'),
(54, 'C10', 'BH 10 bệnh hiểm nghèo', 'BHYT'),
(55, 'FLA', 'Flexi - AirAsia', 'BHYT'),
(56, 'FLB', 'Flexi - AirBamboo', 'BHYT'),
(57, 'FVJ', 'Flexi - Vietjet', 'BHYT'),
(58, 'DTN', 'BH khach du lich trong nước', 'BHYT'),
(59, 'FED', 'BH Tre chuyen bay', 'BHYT'),
(60, 'NND', 'BH Người nước ngoài du lịch Việt Nam', 'BHYT'),
(61, 'TLE', 'BH du lịch quốc tế (Travel Easy)', 'BHYT'),
(62, 'GAE', 'BH thiết bị điện tử (Gadget Easy)', 'BHYT'),
(63, 'AIA', 'BH du lịch qua hãng Hàng không AirAsia', 'BHYT'),
(64, 'FCI', 'BH Hủy chuyến bay', 'BHYT'),
(65, 'HPI', 'BH Hủy phòng khách sạn', 'BHYT');


-- Chèn dữ liệu vào bảng TinhTrangHoSo
INSERT INTO TinhTrangHoSo (TinhTrangID, TenTinhTrang) VALUES
(1, 'Chưa nộp hồ sơ'),
(2, 'Hồ sơ mới'),
(3, 'Đang xử lý'),
(4, 'Đang xác minh'),
(5, 'Đã giải quyết / Đã duyệt'),
(6, 'Đang chờ bổ sung');

-- Chèn dữ liệu vào bảng NguyenNhan
INSERT INTO NguyenNhan (NguyenNhanID, TenNguyenNhan) VALUES
(1, 'Tai nạn'),
(2, 'Ốm đau, bệnh tật'),
(3, 'Quyền lợi khác');

-- Chèn dữ liệu vào bảng LoaiBenh, liên kết với NguyenNhan
-- Nhóm Tai nạn (NguyenNhanID = 1)
INSERT INTO LoaiBenh (LoaiBenhID, MaLoaiBenh, TenLoaiBenh, NguyenNhanID) VALUES
(1, '1.1', 'Tử vong & Thương tật do tai nạn', 1),
(2, '1.2', 'Chi phí y tế do tai nạn', 1),
(3, '1.3', 'Trợ cấp trong thời gian điều trị thương tật do tai nạn', 1);

-- Nhóm Ốm đau, bệnh tật (NguyenNhanID = 2)
INSERT INTO LoaiBenh (LoaiBenhID, MaLoaiBenh, TenLoaiBenh, NguyenNhanID) VALUES
(4, '2.1', 'Nội trú do ốm đau, bệnh tật', 2),
(5, '2.2', 'Ngoại trú do ốm đau, bệnh tật', 2),
(6, '2.3', 'Vận chuyển cấp cứu khẩn cấp do ốm đau, bệnh tật', 2),
(7, '2.4', 'Trợ cấp thu nhập do ốm đau, bệnh tật khi nằm viện', 2),
(8, '2.5', 'Chi phí khác (do ốm đau, bệnh tật)', 2),
(9, '2.6', 'TỬ VONG/ THƯƠNG TẬT (không do tai nạn)', 2);

-- Nhóm Quyền lợi khác (NguyenNhanID = 3)
INSERT INTO LoaiBenh (LoaiBenhID, MaLoaiBenh, TenLoaiBenh, NguyenNhanID) VALUES
(10, '3', 'QUYỀN LỢI KHÁC', 3),
(11, '3.1', 'Trợ cấp nằm viện', 3),
(12, '3.2', 'Trợ cấp nằm viện phẫu thuật', 3),
(13, '8', 'Chuyến đi bị trì hoãn', 3);

-- Chèn dữ liệu cho Nhân viên admin
INSERT INTO NhanVien (NhanVienID, HoTen) VALUES (1, 'Admin');

-- Chèn dữ liệu cho User admin
INSERT INTO User (UserID, Username, PasswordHash, Role, NhanVienID) VALUES (1, 'admin', 'admin', 'admin', 1);

-- Thêm danh sách nhân viên
INSERT INTO NhanVien (NhanVienID, HoTen, HR_PhongBan) VALUES
(2, 'Lê Thị Hồng Khánh', 'Ngoại trú 2'),
(3, 'Trần Vạn Huyền Trân', 'Lãnh đạo Ban'),
(4, 'Phạm Lê Thành Lệ Trí', 'Ngoại trú 3'),
(5, 'Nguyễn Thị Ngọc Huyền', 'QLNCC'),
(6, 'Phan Công Chính', 'Ngoại trú 3'),
(7, 'Nguyễn Thu Hà BT', 'Ngoại trú 1'),
(8, 'Trần Thị Hồng Quế', 'Nội trú 2'),
(9, 'Lưu Thị Hương', 'Ngoại trú 2'),
(10, 'Đinh Thị Thu Thủy', 'Ngoại trú 4'),
(11, 'Vũ Thị Xuân Lan', 'Ngoại trú 3'),
(12, 'Nguyễn Thị Hồng Duyên', 'Ngoại trú 1'),
(13, 'Nguyễn Đức Thụy', 'Lãnh đạo Ban'),
(14, 'Nguyễn Tuyết Minh', 'Lãnh đạo Ban'),
(15, 'Lê Ngọc Tuyết', 'Ngoại trú 5'),
(16, 'Lưu Thị Ngọc Mai', 'Lãnh đạo Ban'),
(17, 'Phạm Thanh Thủy', 'Nội trú 2'),
(18, 'Lê Hoàng Khanh', 'Ngoại trú 5'),
(19, 'Bùi Thị Thu Hương', 'Bảo lãnh'),
(20, 'Nguyễn Thu Hà BL', 'QLNCC'),
(21, 'Đỗ Trần Nhật Phi', 'Ngoại trú 3'),
(22, 'Hoàng Thị Thùy Linh', 'QLNCC'),
(23, 'Lưu Thị Kim Thoa', 'Tổng hợp'),
(24, 'Nguyễn Thị Thu Huyền', 'Bồi thường 5'),
(25, 'Nguyễn Thùy Phương Trâm', 'Ngoại trú 3'),
(26, 'Trần Thị Kim Dung', 'QLNCC'),
(27, 'Trần Thúy Quỳnh', 'Ngoại trú 3'),
(28, 'Võ Thị Như Quỳnh', 'Ngoại trú 3'),
(29, 'Phạm Thùy Dung', 'Ngoại trú 2'),
(30, 'Vũ Thị Hải Yến', 'Tổng hợp'),
(31, 'Tạ Thu Giang', 'Nội trú 1'),
(32, 'Lê Thị Diệu Linh', 'Bảo lãnh'),
(33, 'Lê Thị Phương', 'QLNCC'),
(34, 'Phạm Tiến Đạt', 'QLNCC'),
(35, 'Nguyễn Thị Ngọc Thúy', 'Ngoại trú 5'),
(36, 'Vũ Đình Quân', 'Nội trú 2'),
(37, 'Nguyễn Quỳnh Hương', 'Ngoại trú 4'),
(38, 'Trần Thị Thủy', 'Ngoại trú 1'),
(39, 'Lê Anh Long', 'Ngoại trú 4'),
(40, 'Dương Thị Thu Hương', 'Bảo lãnh'),
(41, 'Hoàng Thị Phương Bình', 'Nội trú 2'),
(42, 'Võ Hải Phương Thảo', 'Ngoại trú 4'),
(43, 'Phùng Thanh Thủy', 'Ngoại trú 1'),
(44, 'Nguyễn Thị Hồng', 'Nội trú 1'),
(45, 'Vũ Hồng Ngọc', 'Tổng hợp'),
(46, 'Văn Như Ngọc', 'Ngoại trú 4'),
(47, 'Trần Thị Hiển', 'Bảo lãnh'),
(48, 'Nguyễn Phụng Vũ', 'Ngoại trú 3'),
(49, 'Hoàng Phương Anh', 'Ngoại trú 2'),
(50, 'Ông Hoàng Khánh Trân', 'Ngoại trú 3'),
(51, 'Lê Anh Quỳnh', 'Nội trú 1'),
(52, 'Nguyễn Thị Trà My BT', 'Ngoại trú 5'),
(53, 'Chu Ngọc Yến', 'Bảo lãnh'),
(54, 'Bùi Thị Thanh Thuyên', 'Ngoại trú 3'),
(55, 'Đoàn Thu Thủy', 'Bảo lãnh'),
(56, 'Nguyễn Thị Huyền Trang', 'Bảo lãnh'),
(57, 'Phùng Thanh Tâm', 'Bảo lãnh'),
(58, 'Phạm Thị Kim Dung', 'Nội trú 2'),
(59, 'Nguyễn Thị Như Trang', 'Ngoại trú 3'),
(60, 'Đỗ Thị Khánh Trang', 'Ngoại trú 2'),
(61, 'Bùi Quỳnh Trang', 'Bồi thường 5'),
(62, 'Lê Trọng Nghĩa', 'Bồi thường 5'),
(63, 'Lâm Thúy Hường', 'Ngoại trú 1'),
(64, 'Nguyễn Thị Triệu Giang', 'Lãnh đạo Ban'),
(65, 'Nguyễn Thị Duyên', 'Bồi thường 5'),
(66, 'Triệu Minh Duy', 'Ngoại trú 4'),
(67, 'Lê Thị Thu', 'Ngoại trú 3'),
(68, 'Hồ Thị Bích Hồng', 'Bồi thường 5'),
(69, 'Trần Hoài Yến Nhi', 'Bồi thường 5'),
(70, 'Phạm Tiến Trung', 'Ngoại trú 1'),
(71, 'Nguyễn Thị Thu Thanh', 'Bồi thường 5'),
(72, 'Bùi Thu Hằng', 'Bảo lãnh'),
(73, 'Lê Thị Bé Hoàng', 'Ngoại trú 3'),
(74, 'Nguyễn Hữu Hậu', 'Ngoại trú 5'),
(75, 'Vũ Thị Thu Trang', 'Nội trú 1'),
(76, 'Phạm Thị Phương Chi', 'Ngoại trú 2'),
(77, 'Phạm Thị Phương Thảo A', 'Ngoại trú 1'),
(78, 'Sầm Hồng Oanh', 'Ngoại trú 5'),
(79, 'Ngô Thị Hồng Hạnh', 'Bảo lãnh'),
(80, 'Đỗ Thị Thanh Loan', 'Tổng hợp'),
(81, 'Lê Thanh Thiên', 'Ngoại trú 5'),
(82, 'Nguyễn Thị Ngọc BT', 'Ngoại trú 2'),
(83, 'Đỗ Thị Thu Thủy', 'Nội trú 1'),
(84, 'Bùi Thị Nhung', 'Ngoại trú 1'),
(85, 'Nguyễn Thị Lan Hương', 'Ngoại trú 1'),
(86, 'Bùi Huy Như Khanh', 'Ngoại trú 4'),
(87, 'Huỳnh Thị Xuân Thao', 'Ngoại trú 3'),
(88, 'Nguyễn Thị Thu Hằng', 'Bảo lãnh'),
(89, 'Ngô Thị Uyên', 'QLNCC'),
(90, 'Nguyễn Hoàng Khánh An', 'Ngoại trú 5'),
(91, 'Nguyễn Hoàng Anh', 'QLNCC'),
(92, 'Nguyễn Minh Hảo', 'Ngoại trú 4'),
(93, 'Nguyễn Ngọc Sơn', 'Bảo lãnh'),
(94, 'Nguyễn Sơn Tùng', 'Ngoại trú 1'),
(95, 'Trần Đình Tú', 'Ngoại trú 1'),
(96, 'Lương Vĩnh Sơn', 'Ngoại trú 4'),
(97, 'Phạm Thị Phương Thảo B', 'Bồi thường 5'),
(98, 'Nguyễn Đức Thông', 'Bồi thường 5'),
(99, 'Tạ Diễm Anh', 'Nội trú 2'),
(100, 'Lưu Thị Thanh Huyền', 'Bác Sỹ'),
(101, 'Đỗ Hữu Tài', 'Nội trú 2'),
(102, 'Trần Thị Thu Hương', 'Bác Sỹ'),
(103, 'Ngô Quỳnh Thu', 'Nội trú 1'),
(104, 'Phạm Thùy Linh', 'Bảo lãnh'),
(105, 'Trần Thị Diệu Linh', 'Nội trú 1'),
(106, 'Lê Thị Thùy Vân', 'Tổng hợp'),
(107, 'Phan Huyền Anh', 'QLNCC'),
(108, 'Trần Thúy Vy', 'Ngoại trú 3'),
(109, 'Phan Đổng Mai Hân', 'Ngoại trú 5'),
(110, 'Lê Ngọc Bích Trâm', 'Ngoại trú 3'),
(111, 'Nguyễn Thị Ánh Hồng', 'Tổng hợp'),
(112, 'Trần Thị Trinh', 'Ngoại trú 3'),
(113, 'Phan Thị Trúc Quyên', 'Nội trú 2'),
(114, 'Phạm Lê Hoàng Giang', 'Ngoại trú 3'),
(115, 'Đinh Thị Linh', 'Nội trú 2'),
(116, 'Lê Phương Tự', 'Ngoại trú 4'),
(117, 'Tạ Ngọc Hạnh', 'Ngoại trú 3'),
(118, 'Thái Thị Trúc Thanh', 'Ngoại trú 3'),
(119, 'Bùi Thị Hồng Nhung', 'Tổng hợp'),
(120, 'Võ Thùy Duyên', 'Ngoại trú 3'),
(121, 'Đặng Phan Minh Thư', 'Ngoại trú 4'),
(122, 'Nguyễn Phương Lâm', 'Bảo lãnh'),
(123, 'Hoàng Thị Nguyệt', 'Tổng hợp'),
(124, 'Nguyễn Phương Anh TSC', 'Tổng hợp'),
(125, 'Nguyễn Thị Huyền 2k', 'Ngoại trú 2'),
(126, 'Phạm Thị Thu Hằng', 'Tổng hợp'),
(127, 'Nguyễn Thị Thanh Vân', 'Tổng hợp'),
(128, 'Nguyễn Hiền Đức', 'Nội trú 2'),
(129, 'Trần Trường Giang', 'Ngoại trú 3'),
(130, 'Lê Thị Hà', 'Bảo lãnh'),
(131, 'Phạm Bá Duy', 'Ngoại trú 4'),
(132, 'Tạ Thị Kiều My', 'Ngoại trú 1'),
(133, 'Đặng Lý Kim Ngân', 'Ngoại trú 3'),
(134, 'Huỳnh Kim Ngọc', 'Nội trú 2'),
(135, 'Nguyễn Thùy Trang', 'Ngoại trú 5'),
(136, 'Phạm Hoàng Long', 'Ngoại trú 3'),
(137, 'Nguyễn Thị Thảo Quyên', 'Ngoại trú 3'),
(138, 'Nguyễn Đan Trường', 'Ngoại trú 3'),
(139, 'Lê Thị Sen', 'Bồi thường 5'),
(140, 'Nguyễn Công Thành', 'Ngoại trú 3'),
(141, 'Đào Kim Ngọc', 'Ngoại trú 3'),
(142, 'Đinh Thị Kim Anh', 'Ngoại trú 3'),
(143, 'Đặng Huỳnh Đức', 'Ngoại trú 3'),
(144, 'Huỳnh Diễm Xuân Thanh', 'Ngoại trú 3'),
(145, 'Nguyễn Thành Trung', 'Ngoại trú 5'),
(146, 'Phạm Thu Hà', 'Ngoại trú 2'),
(147, 'Nguyễn Quỳnh Nhi', 'Ngoại trú 1'),
(148, 'Đỗ Quý Long', 'Bảo lãnh'),
(149, 'Dương Thùy Linh', 'Ngoại trú 1'),
(150, 'Hoàng Thị Phương Thảo', 'Ngoại trú 3'),
(151, 'Nguyễn Thị Minh Ngọc', 'Nội trú 1'),
(152, 'Nguyễn Thị Thanh Loan', 'Ngoại trú 4'),
(153, 'Vũ Thu Huế', 'Ngoại trú 1'),
(154, 'Đỗ Mỹ Duyên', 'Tổng hợp'),
(155, 'Hoàng Thị Ngọc Anh', 'Ngoại trú 1'),
(156, 'Nguyễn Thị Hải Yến BT', 'Ngoại trú 3'),
(157, 'Trần Thị Hồng Hảo', 'Nội trú 1'),
(158, 'Nguyễn Thị Hải Yến BSy', 'Bác Sỹ'),
(159, 'Đinh Minh Tâm', 'Ngoại trú 2'),
(160, 'Lê Thảo Vi', 'Bồi thường 5'),
(161, 'Triệu Lê Minh Nhi', 'Ngoại trú 5'),
(162, 'Đặng Thu Trang', 'Ngoại trú 5'),
(163, 'Võ Hồ Vy Vân', 'Ngoại trú 3'),
(164, 'Phùng Thu Hoài', 'Ngoại trú 1'),
(165, 'Đỗ Ngọc Minh Thư', 'Ngoại trú 3'),
(166, 'Nguyễn Thị Tuyết Hoa', 'Ngoại trú 3'),
(167, 'Nguyễn Thị Hồng Vân', 'Ngoại trú 3'),
(168, 'Phạm Minh Châu', 'Tổng hợp'),
(169, 'Nguyễn Thái Bình', 'Ngoại trú 3'),
(170, 'Lê Phạm Anh Tân', 'Nội trú 2'),
(171, 'Dương Tú Anh', 'Nội trú 2'),
(172, 'Nguyễn Nữ Quỳnh Giao', 'Nội trú 2'),
(173, 'Đinh Thu Trang', 'Ngoại trú 1'),
(174, 'Nguyễn Phước Thái', 'Bồi thường 5'),
(175, 'Trần Thị Thanh Hằng', 'Bồi thường 5'),
(176, 'Chu Thị Quỳnh Trang', 'Tổng hợp'),
(177, 'Nguyễn Phương Linh', 'Tổng hợp'),
(178, 'Nguyễn Văn Sơn', 'Nội trú 1'),
(179, 'Nguyễn Lê Thùy Dương', 'Nội trú 1'),
(180, 'Nguyễn Lê Hồng Hạnh', 'Ngoại trú 3'),
(181, 'Trần Thị Hồng Nhung', 'Nội trú 1'),
(182, 'Nguyễn Huy Giang', 'Nội trú 1'),
(183, 'Nguyễn Thị Thu Hiền', 'Tổng hợp'),
(184, 'Phạm Việt Hoàng', 'Tổng hợp'),
(185, 'Lưu Phan Anh Tú', 'Tổng hợp'),
(186, 'Phạm Thị Minh Hạnh', 'Nội trú 2'),
(187, 'Đinh Thủy Hương', 'Nội trú 1'),
(188, 'Đoàn Thị Phương Mai', 'Bác Sỹ'),
(189, 'Vũ Ngọc Minh Thư', 'Nội trú 1'),
(190, 'Nguyễn Thị Mỹ Linh', 'Ngoại trú 2'),
(191, 'Nguyễn Thị Nam Phương', 'Ngoại trú 4'),
(192, 'Dương Thị Hiền', 'Ngoại trú 5'),
(193, 'Nguyễn Thị Trọn', 'Ngoại trú 5'),
(194, 'Nguyễn Nhật Anh', 'Ngoại trú 5'),
(195, 'Huỳnh Thị Thanh Hiền', 'Nội trú 2'),
(196, 'Nguyễn Ngọc Thiên Thanh', 'Ngoại trú 3'),
(197, 'Võ Thành Quang', 'Ngoại trú 4'),
(198, 'Ngô Thu Hiền', 'Bảo lãnh'),
(199, 'Nguyễn Thị Hằng', 'Bảo lãnh'),
(200, 'Vũ Văn Tuệ', 'Ngoại trú 2'),
(201, 'Đặng Thị Giang', 'Tổng hợp'),
(202, 'Nguyễn Thị Huyền 95', 'Nội trú 1'),
(203, 'Nguyễn Minh Phương', 'Tổng hợp'),
(204, 'Trình Thị Thanh Hiếu', 'Bảo lãnh');