-- Chèn dữ liệu vào bảng DonViCapDon
INSERT INTO CTTV (CTTVID, TenCTTV) VALUES
(1, 'Bảo Việt Hòa Bình'),
(2, 'Bảo việt Lai Châu'),
(3, 'Bảo Việt Sơn La'),
(4, 'Bảo Việt Hải Dương'),
(5, 'Bảo Việt Quảng Ninh'),
(6, 'Bảo Việt Trà Vinh'),
(7, 'Bảo Việt Thái Bình'),
(8, 'Bảo Việt Lào Cai'),
(9, 'Bảo Việt Tuyên Quang'),
(10, 'Bảo Việt Đồng Tháp'),
(11, 'Bảo Việt Hà Nam'),
(12, 'Bảo Việt Hải Phòng'),
(13, 'Bảo Việt Tràng An'),
(14, 'Bảo Việt Nghệ An'),
(15, 'Bảo Việt Sơn Tây'),
(16, 'Bảo Việt Kiên Giang'),
(17, 'Bảo Việt Bắc Giang'),
(18, 'Bảo Việt Tiền Giang'),
(19, 'Bảo Việt Mỹ Đình'),
(20, 'Bảo Việt An Giang'),
(21, 'Bảo Việt Hà Tĩnh'),
(22, 'Bảo Việt Hà Giang'),
(23, 'Bảo Việt Tây Ninh'),
(24, 'Bảo Việt Ninh Thuận'),
(25, 'Bảo Việt Quảng Bình'),
(26, 'Bảo Việt Bến Tre'),
(27, 'Bảo Việt Yên Bái'),
(28, 'Bảo Việt Đông Đô'),
(29, 'Bảo Việt Phú Quốc'),
(30, 'Bảo Việt An Phú'),
(31, 'Bảo Việt Sóc Trăng'),
(32, 'Bảo Việt Đồng Nai'),
(33, 'Bảo Việt Hậu Giang'),
(34, 'TSC - Ban BHTT'),
(35, 'TSC - Ban PHH'),
(36, 'TSC - Ban DA'),
(37, 'TSC - Ban KDBHSK'),
(38, 'Bảo Việt Bắc Cạn'),
(39, 'Bảo Việt Vũng Tàu'),
(40, 'Bảo Việt Cần Thơ'),
(41, 'Bảo Việt Hà Nội'),
(42, 'Bảo Việt Long An'),
(43, 'Bảo Việt Bình Dương'),
(44, 'Bảo Việt Điện Biên'),
(45, 'TSC - POOL'),
(46, 'Bảo Việt Hà Thành'),
(47, 'Bảo Việt Đà Nẵng'),
(48, 'Bảo Việt Thăng Long'),
(49, 'Bảo Việt Long Thành'),
(50, 'Bảo Việt Thành phố Hồ Chí Minh'),
(51, 'Bảo Việt Sài Gòn'),
(52, 'Bảo Việt Gia Định'),
(53, 'Bảo Việt Phú Mỹ'),
(54, 'Bảo Việt Vĩnh Long'),
(55, 'Bảo Việt Nam Bình Dương'),
(56, 'Bảo Việt Cà Mau'),
(57, 'Bảo Việt Bến Thành'),
(58, 'Bảo Việt Bạc Liêu'),
(59, 'Bảo Việt Bình Phước'),
(60, 'Bảo Việt Thanh Hóa'),
(61, 'Bảo Việt Bình Thuận'),
(62, 'Bảo Việt Quảng Nam'),
(63, 'Bảo Việt Bắc Ninh'),
(64, 'Bảo Việt Kon Tum'),
(65, 'Bảo Việt Lâm Đồng'),
(66, 'Bảo Việt Lạng Sơn'),
(67, 'Bảo Việt Phú Thọ'),
(68, 'Bảo Việt Đắk Lắk'),
(69, 'Bảo Việt Ninh Bình'),
(70, 'Bảo Việt Nam Định'),
(71, 'Bảo Việt Quảng Ngãi'),
(72, 'Bảo Việt Gia Lai'),
(73, 'Bảo Việt Phú Yên'),
(74, 'Bảo Việt Hưng Yên'),
(75, 'Bảo Việt Đông Bắc'),
(76, 'Bảo Việt Thái Nguyên'),
(77, 'Bảo Việt Bình Định'),
(78, 'Bảo Việt Khánh Hòa'),
(79, 'Bảo Việt Vĩnh Phúc'),
(80, 'Bảo Việt Thừa Thiên Huế'),
(81, 'Bảo Việt Đình Vũ'),
(82, 'Bảo Việt Quảng Trị'),
(83, 'Bảo Việt Đắc Nông'),
(84, 'Bảo Việt Cao Bằng');

-- Chèn dữ liệu vào bảng SanPham
INSERT INTO SanPham (SanPhamID, MaSanPham, TenSanPham, BanCapDon) VALUES
(1, 'TTV', 'BH tai nạn cho Thủy thủ thuyền viên', 'BHCN'),
(2, 'PAI', 'BH tai nạn con người (QĐ 3111)', 'BHCN'),
(3, 'CPA', 'BH tai nạn con người mức cao (mẫu đơn Cologne Re)', 'BHCN'),
(4, 'HGD', 'BH thành viên hộ gia đình/Sức khỏe người lao động', 'BHCN'),
(5, 'SDD', 'BH tai nạn người sử dụng điện', 'BHCN'),
(6, 'TNH', 'BH tai nạn hành khách', 'BHCN'),
(7, 'PCI', 'BH toàn diện học sinh/Tai nạn học sinh', 'BHCN'),
(8, 'KHN', 'BH Kết hợp con người (QĐ1420)', 'BHCN'),
(9, 'KHG', 'BH Kết hợp con người Giáo viên - CBNV ngành giáo dục', 'BHCN'),
(10, 'KHD', 'BH Kết hợp con người dài hạn', 'BHCN'),
(11, 'SMC', 'Bh Sinh mạng cá nhân theo quy tắc Kết hợp con người', 'BHCN'),
(12, 'BAGDV', 'BH Bảo an gia đình Việt (Quy tắc năm 2015)', 'BHCN'),
(13, 'BAL', 'BH Bảo an gia đình Việt 2020', 'BHCN'),
(14, 'NNTX', 'BH tai nạn Người ngồi trên mô tô, xe máy', 'BHCN'),
(15, 'TNLP', 'BH tai nạn lái phụ và người trên xe ô tô', 'BHCN'),
(16, 'WCI', 'BH bồi thường cho người lao động', 'BHCN'),
(17, 'NLD', 'BH đối với người lao động thi công trên công trường (NĐ67/2023)', 'BHCN'),
(18, 'NVV', 'BH Tín dụng cá nhân (Người vay vốn) theo quy tắc sức khỏe toàn diện số 6476/BTC-QLBH', 'BHCN'),
(19, 'ELI', 'BH trách nhiệm người sử dụng lao động', 'BHCN'),
(20, 'ATV', 'BH An tâm viện phí', 'BHCN'),
(21, 'BVM', 'BH vi mô (An bình yên vui)', 'BHCN'),
(22, 'BTT', 'BH Bảo Tín Tâm An (Người vay vốn mới ban hành theo QĐ398 năm 2023)', 'BHCN'),
(23, 'GFI', 'BH người chơi Golf', 'BHCN'),
(24, 'ATS', 'BH An Tâm sống khỏe', 'BHCN'),
(25, 'OPI', 'BH Con người khác (Đồng BH theo quy tắc của DNBH khác, đơn fronting,…)', 'BHCN'),
(26, 'DQT', 'Du lịch quốc tế', 'BHYT'),
(27, 'FLE', 'Du lịch Flexi', 'BHYT'),
(28, 'K Care', 'K Care', 'BHYT'),
(29, 'YDL', 'Người nước ngoài du lịch Việt Nam', 'BHYT'),
(30, 'YTK', 'Y tế kết hợp', 'BHYT'),
(31, 'BVC', 'BH Sức khoe', 'BHYT'),
(32, 'VNC', 'BH Vietnam care', 'BHYT'),
(33, 'APC', 'BH Aon premier care', 'BHYT'),
(34, 'AET', 'BH Allianz Care (Ultra Care cũ- cá nhân)', 'BHYT'),
(35, 'MGC', 'BH Marsh golden care', 'BHYT'),
(36, 'ITC', 'BH Inter care', 'BHYT'),
(37, 'MED', 'BH Medical care', 'BHYT'),
(38, 'ANC', 'BH Aon care', 'BHYT'),
(39, 'ACB', 'BH cuu tro y te cho nguoi su dung the ACB', 'BHYT'),
(40, 'BVI', 'BH Suc khoe toan dien', 'BHYT'),
(41, 'BVK', 'BH K-Care 2022', 'BHYT'),
(42, 'IGC', 'BH Allianz Summit (Aetna Summit cũ)', 'BHYT'),
(43, 'POL', 'BH dịch vụ Pool', 'BHYT'),
(44, 'BVL', 'Bao Viet An Gia_Kenh ban cheo', 'BHYT'),
(45, 'BVP', 'Bao Viet An Gia_Ngoai ban cheo', 'BHYT'),
(46, 'PGH', 'BH uu viet cho benh ung thu va tim mach', 'BHYT'),
(47, 'BTA', 'Bao Viet Tam An', 'BHYT'),
(48, 'CIO', 'CI Online', 'BHYT'),
(49, 'DHS', 'BH kết hợp TNCN & CPYT cho du học sinh Mỹ', 'BHYT'),
(50, 'FRT', 'BH dịch vụ Fronting', 'BHYT'),
(51, 'CIL', 'BH Bệnh hiểm nghèo cho người vay vốn', 'BHYT'),
(52, 'C37', 'BH 37 bệnh hiểm nghèo', 'BHYT'),
(53, 'BTB', 'Bảo Việt Tâm Bình cá nhân_Mới', 'BHYT'),
(54, 'C10', 'BH 10 bệnh hiểm nghèo', 'BHYT'),
(55, 'FLA', 'Flexi - AirAsia', 'BHYT'),
(56, 'FLB', 'Flexi - AirBamboo', 'BHYT'),
(57, 'FVJ', 'Flexi - Vietjet', 'BHYT'),
(58, 'DTN', 'BH khach du lich trong nước', 'BHYT'),
(59, 'FED', 'BH Tre chuyen bay', 'BHYT'),
(60, 'NND', 'BH Người nước ngoài du lịch Việt Nam', 'BHYT'),
(61, 'TLE', 'BH du lịch quốc tế (Travel Easy)', 'BHYT'),
(62, 'GAE', 'BH thiết bị điện tử (Gadget Easy)', 'BHYT'),
(63, 'AIA', 'BH du lịch qua hãng Hàng không AirAsia', 'BHYT'),
(64, 'FCI', 'BH Hủy chuyến bay', 'BHYT'),
(65, 'HPI', 'BH Hủy phòng khách sạn', 'BHYT');


-- Chèn dữ liệu vào bảng TinhTrangHoSo
INSERT INTO TinhTrangHoSo (TinhTrangID, TenTinhTrang) VALUES
(1, 'Chưa nộp hồ sơ'),
(2, 'Hồ sơ mới'),
(3, 'Đang xử lý'),
(4, 'Đang xác minh'),
(5, 'Đã giải quyết / Đã duyệt'),
(6, 'Đang chờ bổ sung');

-- Chèn dữ liệu vào bảng NguyenNhan
INSERT INTO NguyenNhan (NguyenNhanID, TenNguyenNhan) VALUES
(1, 'Tai nạn'),
(2, 'Ốm đau, bệnh tật'),
(3, 'Quyền lợi khác');

-- Chèn dữ liệu vào bảng LoaiBenh, liên kết với NguyenNhan
-- Nhóm Tai nạn (NguyenNhanID = 1)
INSERT INTO LoaiBenh (LoaiBenhID, MaLoaiBenh, TenLoaiBenh, NguyenNhanID) VALUES
(1, '1.1', 'Tử vong & Thương tật do tai nạn', 1),
(2, '1.2', 'Chi phí y tế do tai nạn', 1),
(3, '1.3', 'Trợ cấp trong thời gian điều trị thương tật do tai nạn', 1);

-- Nhóm Ốm đau, bệnh tật (NguyenNhanID = 2)
INSERT INTO LoaiBenh (LoaiBenhID, MaLoaiBenh, TenLoaiBenh, NguyenNhanID) VALUES
(4, '2.1', 'Nội trú do ốm đau, bệnh tật', 2),
(5, '2.2', 'Ngoại trú do ốm đau, bệnh tật', 2),
(6, '2.3', 'Vận chuyển cấp cứu khẩn cấp do ốm đau, bệnh tật', 2),
(7, '2.4', 'Trợ cấp thu nhập do ốm đau, bệnh tật khi nằm viện', 2),
(8, '2.5', 'Chi phí khác (do ốm đau, bệnh tật)', 2),
(9, '2.6', 'TỬ VONG/ THƯƠNG TẬT (không do tai nạn)', 2);

-- Nhóm Quyền lợi khác (NguyenNhanID = 3)
INSERT INTO LoaiBenh (LoaiBenhID, MaLoaiBenh, TenLoaiBenh, NguyenNhanID) VALUES
(10, '3', 'QUYỀN LỢI KHÁC', 3),
(11, '3.1', 'Trợ cấp nằm viện', 3),
(12, '3.2', 'Trợ cấp nằm viện phẫu thuật', 3),
(13, '8', 'Chuyến đi bị trì hoãn', 3);

-- Chèn dữ liệu cho Nhân viên admin
INSERT INTO NhanVien (NhanVienID, HoTen) VALUES (1, 'Admin');

-- Chèn dữ liệu cho User admin
INSERT INTO User (UserID, Username, PasswordHash, Role, NhanVienID) VALUES (1, 'admin', 'admin', 'admin', 1);

-- Thêm danh sách nhân viên
INSERT INTO NhanVien (NhanVienID, HoTen, HR_PhongBan) VALUES
(2, 'Lê Thị Hồng Khánh', 'Ngoại trú 2'),
(3, 'Trần Vạn Huyền Trân', 'Lãnh đạo Ban'),
(4, 'Phạm Lê Thành Lệ Trí', 'Ngoại trú 3'),
(5, 'Nguyễn Thị Ngọc Huyền', 'QLNCC'),
(6, 'Phan Công Chính', 'Ngoại trú 3'),
(7, 'Nguyễn Thu Hà BT', 'Ngoại trú 1'),
(8, 'Trần Thị Hồng Quế', 'Nội trú 2'),
(9, 'Lưu Thị Hương', 'Ngoại trú 2'),
(10, 'Đinh Thị Thu Thủy', 'Ngoại trú 4'),
(11, 'Vũ Thị Xuân Lan', 'Ngoại trú 3'),
(12, 'Nguyễn Thị Hồng Duyên', 'Ngoại trú 1'),
(13, 'Nguyễn Đức Thụy', 'Lãnh đạo Ban'),
(14, 'Nguyễn Tuyết Minh', 'Lãnh đạo Ban'),
(15, 'Lê Ngọc Tuyết', 'Ngoại trú 5'),
(16, 'Lưu Thị Ngọc Mai', 'Lãnh đạo Ban'),
(17, 'Phạm Thanh Thủy', 'Nội trú 2'),
(18, 'Lê Hoàng Khanh', 'Ngoại trú 5'),
(19, 'Bùi Thị Thu Hương', 'Bảo lãnh'),
(20, 'Nguyễn Thu Hà BL', 'QLNCC'),
(21, 'Đỗ Trần Nhật Phi', 'Ngoại trú 3'),
(22, 'Hoàng Thị Thùy Linh', 'QLNCC'),
(23, 'Lưu Thị Kim Thoa', 'Tổng hợp'),
(24, 'Nguyễn Thị Thu Huyền', 'Bồi thường 5'),
(25, 'Nguyễn Thùy Phương Trâm', 'Ngoại trú 3'),
(26, 'Trần Thị Kim Dung', 'QLNCC'),
(27, 'Trần Thúy Quỳnh', 'Ngoại trú 3'),
(28, 'Võ Thị Như Quỳnh', 'Ngoại trú 3'),
(29, 'Phạm Thùy Dung', 'Ngoại trú 2'),
(30, 'Vũ Thị Hải Yến', 'Tổng hợp'),
(31, 'Tạ Thu Giang', 'Nội trú 1'),
(32, 'Lê Thị Diệu Linh', 'Bảo lãnh'),
(33, 'Lê Thị Phương', 'QLNCC'),
(34, 'Phạm Tiến Đạt', 'QLNCC'),
(35, 'Nguyễn Thị Ngọc Thúy', 'Ngoại trú 5'),
(36, 'Vũ Đình Quân', 'Nội trú 2'),
(37, 'Nguyễn Quỳnh Hương', 'Ngoại trú 4'),
(38, 'Trần Thị Thủy', 'Ngoại trú 1'),
(39, 'Lê Anh Long', 'Ngoại trú 4'),
(40, 'Dương Thị Thu Hương', 'Bảo lãnh'),
(41, 'Hoàng Thị Phương Bình', 'Nội trú 2'),
(42, 'Võ Hải Phương Thảo', 'Ngoại trú 4'),
(43, 'Phùng Thanh Thủy', 'Ngoại trú 1'),
(44, 'Nguyễn Thị Hồng', 'Nội trú 1'),
(45, 'Vũ Hồng Ngọc', 'Tổng hợp'),
(46, 'Văn Như Ngọc', 'Ngoại trú 4'),
(47, 'Trần Thị Hiển', 'Bảo lãnh'),
(48, 'Nguyễn Phụng Vũ', 'Ngoại trú 3'),
(49, 'Hoàng Phương Anh', 'Ngoại trú 2'),
(50, 'Ông Hoàng Khánh Trân', 'Ngoại trú 3'),
(51, 'Lê Anh Quỳnh', 'Nội trú 1'),
(52, 'Nguyễn Thị Trà My BT', 'Ngoại trú 5'),
(53, 'Chu Ngọc Yến', 'Bảo lãnh'),
(54, 'Bùi Thị Thanh Thuyên', 'Ngoại trú 3'),
(55, 'Đoàn Thu Thủy', 'Bảo lãnh'),
(56, 'Nguyễn Thị Huyền Trang', 'Bảo lãnh'),
(57, 'Phùng Thanh Tâm', 'Bảo lãnh'),
(58, 'Phạm Thị Kim Dung', 'Nội trú 2'),
(59, 'Nguyễn Thị Như Trang', 'Ngoại trú 3'),
(60, 'Đỗ Thị Khánh Trang', 'Ngoại trú 2'),
(61, 'Bùi Quỳnh Trang', 'Bồi thường 5'),
(62, 'Lê Trọng Nghĩa', 'Bồi thường 5'),
(63, 'Lâm Thúy Hường', 'Ngoại trú 1'),
(64, 'Nguyễn Thị Triệu Giang', 'Lãnh đạo Ban'),
(65, 'Nguyễn Thị Duyên', 'Bồi thường 5'),
(66, 'Triệu Minh Duy', 'Ngoại trú 4'),
(67, 'Lê Thị Thu', 'Ngoại trú 3'),
(68, 'Hồ Thị Bích Hồng', 'Bồi thường 5'),
(69, 'Trần Hoài Yến Nhi', 'Bồi thường 5'),
(70, 'Phạm Tiến Trung', 'Ngoại trú 1'),
(71, 'Nguyễn Thị Thu Thanh', 'Bồi thường 5'),
(72, 'Bùi Thu Hằng', 'Bảo lãnh'),
(73, 'Lê Thị Bé Hoàng', 'Ngoại trú 3'),
(74, 'Nguyễn Hữu Hậu', 'Ngoại trú 5'),
(75, 'Vũ Thị Thu Trang', 'Nội trú 1'),
(76, 'Phạm Thị Phương Chi', 'Ngoại trú 2'),
(77, 'Phạm Thị Phương Thảo A', 'Ngoại trú 1'),
(78, 'Sầm Hồng Oanh', 'Ngoại trú 5'),
(79, 'Ngô Thị Hồng Hạnh', 'Bảo lãnh'),
(80, 'Đỗ Thị Thanh Loan', 'Tổng hợp'),
(81, 'Lê Thanh Thiên', 'Ngoại trú 5'),
(82, 'Nguyễn Thị Ngọc BT', 'Ngoại trú 2'),
(83, 'Đỗ Thị Thu Thủy', 'Nội trú 1'),
(84, 'Bùi Thị Nhung', 'Ngoại trú 1'),
(85, 'Nguyễn Thị Lan Hương', 'Ngoại trú 1'),
(86, 'Bùi Huy Như Khanh', 'Ngoại trú 4'),
(87, 'Huỳnh Thị Xuân Thao', 'Ngoại trú 3'),
(88, 'Nguyễn Thị Thu Hằng', 'Bảo lãnh'),
(89, 'Ngô Thị Uyên', 'QLNCC'),
(90, 'Nguyễn Hoàng Khánh An', 'Ngoại trú 5'),
(91, 'Nguyễn Hoàng Anh', 'QLNCC'),
(92, 'Nguyễn Minh Hảo', 'Ngoại trú 4'),
(93, 'Nguyễn Ngọc Sơn', 'Bảo lãnh'),
(94, 'Nguyễn Sơn Tùng', 'Ngoại trú 1'),
(95, 'Trần Đình Tú', 'Ngoại trú 1'),
(96, 'Lương Vĩnh Sơn', 'Ngoại trú 4'),
(97, 'Phạm Thị Phương Thảo B', 'Bồi thường 5'),
(98, 'Nguyễn Đức Thông', 'Bồi thường 5'),
(99, 'Tạ Diễm Anh', 'Nội trú 2'),
(100, 'Lưu Thị Thanh Huyền', 'Bác Sỹ'),
(101, 'Đỗ Hữu Tài', 'Nội trú 2'),
(102, 'Trần Thị Thu Hương', 'Bác Sỹ'),
(103, 'Ngô Quỳnh Thu', 'Nội trú 1'),
(104, 'Phạm Thùy Linh', 'Bảo lãnh'),
(105, 'Trần Thị Diệu Linh', 'Nội trú 1'),
(106, 'Lê Thị Thùy Vân', 'Tổng hợp'),
(107, 'Phan Huyền Anh', 'QLNCC'),
(108, 'Trần Thúy Vy', 'Ngoại trú 3'),
(109, 'Phan Đổng Mai Hân', 'Ngoại trú 5'),
(110, 'Lê Ngọc Bích Trâm', 'Ngoại trú 3'),
(111, 'Nguyễn Thị Ánh Hồng', 'Tổng hợp'),
(112, 'Trần Thị Trinh', 'Ngoại trú 3'),
(113, 'Phan Thị Trúc Quyên', 'Nội trú 2'),
(114, 'Phạm Lê Hoàng Giang', 'Ngoại trú 3'),
(115, 'Đinh Thị Linh', 'Nội trú 2'),
(116, 'Lê Phương Tự', 'Ngoại trú 4'),
(117, 'Tạ Ngọc Hạnh', 'Ngoại trú 3'),
(118, 'Thái Thị Trúc Thanh', 'Ngoại trú 3'),
(119, 'Bùi Thị Hồng Nhung', 'Tổng hợp'),
(120, 'Võ Thùy Duyên', 'Ngoại trú 3'),
(121, 'Đặng Phan Minh Thư', 'Ngoại trú 4'),
(122, 'Nguyễn Phương Lâm', 'Bảo lãnh'),
(123, 'Hoàng Thị Nguyệt', 'Tổng hợp'),
(124, 'Nguyễn Phương Anh TSC', 'Tổng hợp'),
(125, 'Nguyễn Thị Huyền 2k', 'Ngoại trú 2'),
(126, 'Phạm Thị Thu Hằng', 'Tổng hợp'),
(127, 'Nguyễn Thị Thanh Vân', 'Tổng hợp'),
(128, 'Nguyễn Hiền Đức', 'Nội trú 2'),
(129, 'Trần Trường Giang', 'Ngoại trú 3'),
(130, 'Lê Thị Hà', 'Bảo lãnh'),
(131, 'Phạm Bá Duy', 'Ngoại trú 4'),
(132, 'Tạ Thị Kiều My', 'Ngoại trú 1'),
(133, 'Đặng Lý Kim Ngân', 'Ngoại trú 3'),
(134, 'Huỳnh Kim Ngọc', 'Nội trú 2'),
(135, 'Nguyễn Thùy Trang', 'Ngoại trú 5'),
(136, 'Phạm Hoàng Long', 'Ngoại trú 3'),
(137, 'Nguyễn Thị Thảo Quyên', 'Ngoại trú 3'),
(138, 'Nguyễn Đan Trường', 'Ngoại trú 3'),
(139, 'Lê Thị Sen', 'Bồi thường 5'),
(140, 'Nguyễn Công Thành', 'Ngoại trú 3'),
(141, 'Đào Kim Ngọc', 'Ngoại trú 3'),
(142, 'Đinh Thị Kim Anh', 'Ngoại trú 3'),
(143, 'Đặng Huỳnh Đức', 'Ngoại trú 3'),
(144, 'Huỳnh Diễm Xuân Thanh', 'Ngoại trú 3'),
(145, 'Nguyễn Thành Trung', 'Ngoại trú 5'),
(146, 'Phạm Thu Hà', 'Ngoại trú 2'),
(147, 'Nguyễn Quỳnh Nhi', 'Ngoại trú 1'),
(148, 'Đỗ Quý Long', 'Bảo lãnh'),
(149, 'Dương Thùy Linh', 'Ngoại trú 1'),
(150, 'Hoàng Thị Phương Thảo', 'Ngoại trú 3'),
(151, 'Nguyễn Thị Minh Ngọc', 'Nội trú 1'),
(152, 'Nguyễn Thị Thanh Loan', 'Ngoại trú 4'),
(153, 'Vũ Thu Huế', 'Ngoại trú 1'),
(154, 'Đỗ Mỹ Duyên', 'Tổng hợp'),
(155, 'Hoàng Thị Ngọc Anh', 'Ngoại trú 1'),
(156, 'Nguyễn Thị Hải Yến BT', 'Ngoại trú 3'),
(157, 'Trần Thị Hồng Hảo', 'Nội trú 1'),
(158, 'Nguyễn Thị Hải Yến BSy', 'Bác Sỹ'),
(159, 'Đinh Minh Tâm', 'Ngoại trú 2'),
(160, 'Lê Thảo Vi', 'Bồi thường 5'),
(161, 'Triệu Lê Minh Nhi', 'Ngoại trú 5'),
(162, 'Đặng Thu Trang', 'Ngoại trú 5'),
(163, 'Võ Hồ Vy Vân', 'Ngoại trú 3'),
(164, 'Phùng Thu Hoài', 'Ngoại trú 1'),
(165, 'Đỗ Ngọc Minh Thư', 'Ngoại trú 3'),
(166, 'Nguyễn Thị Tuyết Hoa', 'Ngoại trú 3'),
(167, 'Nguyễn Thị Hồng Vân', 'Ngoại trú 3'),
(168, 'Phạm Minh Châu', 'Tổng hợp'),
(169, 'Nguyễn Thái Bình', 'Ngoại trú 3'),
(170, 'Lê Phạm Anh Tân', 'Nội trú 2'),
(171, 'Dương Tú Anh', 'Nội trú 2'),
(172, 'Nguyễn Nữ Quỳnh Giao', 'Nội trú 2'),
(173, 'Đinh Thu Trang', 'Ngoại trú 1'),
(174, 'Nguyễn Phước Thái', 'Bồi thường 5'),
(175, 'Trần Thị Thanh Hằng', 'Bồi thường 5'),
(176, 'Chu Thị Quỳnh Trang', 'Tổng hợp'),
(177, 'Nguyễn Phương Linh', 'Tổng hợp'),
(178, 'Nguyễn Văn Sơn', 'Nội trú 1'),
(179, 'Nguyễn Lê Thùy Dương', 'Nội trú 1'),
(180, 'Nguyễn Lê Hồng Hạnh', 'Ngoại trú 3'),
(181, 'Trần Thị Hồng Nhung', 'Nội trú 1'),
(182, 'Nguyễn Huy Giang', 'Nội trú 1'),
(183, 'Nguyễn Thị Thu Hiền', 'Tổng hợp'),
(184, 'Phạm Việt Hoàng', 'Tổng hợp'),
(185, 'Lưu Phan Anh Tú', 'Tổng hợp'),
(186, 'Phạm Thị Minh Hạnh', 'Nội trú 2'),
(187, 'Đinh Thủy Hương', 'Nội trú 1'),
(188, 'Đoàn Thị Phương Mai', 'Bác Sỹ'),
(189, 'Vũ Ngọc Minh Thư', 'Nội trú 1'),
(190, 'Nguyễn Thị Mỹ Linh', 'Ngoại trú 2'),
(191, 'Nguyễn Thị Nam Phương', 'Ngoại trú 4'),
(192, 'Dương Thị Hiền', 'Ngoại trú 5'),
(193, 'Nguyễn Thị Trọn', 'Ngoại trú 5'),
(194, 'Nguyễn Nhật Anh', 'Ngoại trú 5'),
(195, 'Huỳnh Thị Thanh Hiền', 'Nội trú 2'),
(196, 'Nguyễn Ngọc Thiên Thanh', 'Ngoại trú 3'),
(197, 'Võ Thành Quang', 'Ngoại trú 4'),
(198, 'Ngô Thu Hiền', 'Bảo lãnh'),
(199, 'Nguyễn Thị Hằng', 'Bảo lãnh'),
(200, 'Vũ Văn Tuệ', 'Ngoại trú 2'),
(201, 'Đặng Thị Giang', 'Tổng hợp'),
(202, 'Nguyễn Thị Huyền 95', 'Nội trú 1'),
(203, 'Nguyễn Minh Phương', 'Tổng hợp'),
(204, 'Trình Thị Thanh Hiếu', 'Bảo lãnh');



-- Sử dụng INSERT với nhiều VALUES trong một câu lệnh ( BT5 )
INSERT INTO HoSoBoiThuong (SoHoSo, SoTheBaoHiem, SoHopDongBaoHiem, NguoiDuocBaoHiem, KhachHang, HLBH_tu, HLBH_den, NgayRuiRo, NgayNhanHoSo, SoTienYeuCau, SoTienBoiThuong, TinhTrangID, CTTVID, SanPhamID, CanBoBoiThuongID) VALUES
('VP.D33.25.HS13860', 'HAN.D15.YDL.24.HD11.1', 'HAN.D15.YDL.24.HD11.1', 'OMELCHENKO ANTONINA', 'OMELCHENKO ANTONINA', '2024/10/21', '2025-04-14', '2025-03-17', '2025-03-24', 1834337, 0, 3, 41, 29, 98),
('VP.D33.25.HS21667', 'AG.TVC.24.36255.1', 'AG.TVC.24.36255', 'Nguyễn Xuân Tuấn', 'Nguyễn Xuân Tuấn', '2024/12/06', '2025-03-05', '2024-12-17', '2025-03-20', 589427, 0, 3, 72, 27, 98),
('VP.D33.25.HS32266', 'KHH.D04.DQT.24.HD121.1', 'KHH.D04.DQT.24.HD121', 'LÝ KIỀU BÍCH HUYỀN', 'LÝ KIỀU BÍCH HUYỀN', '2024/12/25', '2025-03-24', '2025-02-27', '2025-03-26', 4231894, 2115947, 3, 78, 26, 98),
('VP.D33.25.HS12663', 'KHH.D04.YDL.25.HD18.2', 'KHH.D04.YDL.25.HD18.2', 'EKATERINA KACHALOVA', 'EKATERINA KACHALOVA', '2025/01/17', '2025-04-16', '2025-03-21', '2025-03-26', 741930, 241930, 3, 78, 29, 69),
('VP.D33.25.HS12785', 'KHH.D04.YDL.25.HD18.3', 'KHH.D04.YDL.25.HD18.2', 'DARINA KACHALOVA', 'DARINA KACHALOVA', '2025/01/17', '2025-04-16', '2025-03-21', '2025-03-26', 599917, 99917, 3, 78, 29, 97),
('VP.D33.25.HS28566', 'KHH.D04.YDL.25.HD53.1', 'KHH.D04.YDL.25.HD53.1', 'ALAN KARYMSHAKOV', 'ALAN KARYMSHAKOV', '2025/03/25', '2025-04-17', '2025-03-24', '2025-04-16', 585840, 0, 3, 78, 29, 97),
('VP.D33.25.HS28567', 'KHH.D04.YDL.25.HD53.1', 'KHH.D04.YDL.25.HD53.1', 'ALAN KARYMSHAKOV', 'ALAN KARYMSHAKOV', '2025/03/25', '2025-04-17', '2025-04-11', '2025-04-16', 690000, 190000, 3, 78, 29, 97),
('VP.D33.25.HS31779', 'VPH.D02.YDL.25.HD4.3', 'VPH.D02.YDL.25.HD4.3', 'NGUYÊN VĂN BẢO AN', 'NGUYÊN VĂN BẢO AN', '2025/03/03', '2025-07-02', '2025-03-28', '2025-04-11', 5941865, 5776865, 3, 79, 29, 97),
('VP.D33.25.HS4507', 'KHH.D04.YDL.25.HD25.1', 'KHH.D04.YDL.25.HD25.1', 'ROMAN ORLOV', 'ROMAN ORLOV', '2025/01/25', '2025-03-04', '2025-02-03', '2025-03-05', 1345642, 1045642, 3, 78, 29, 24),
('VP.D33.25.HS42018', 'KHH.D04.YDL.25.HD63.1', 'KHH.D04.YDL.25.HD63', 'KOLOGOROV MAKAR', 'KOLOGOROV MAKAR', '2025/04/12', '2025-05-20', '2025-05-01', '2025-05-07', 1229030, 729030, 3, 78, 29, 98),
('2008580', '7095222', '7095222', 'BÙI THỊ MAI DUNG', 'BÙI THỊ MAI DUNG', '2024/08/05', '2024-10-08', '2024-09-18', '2024-11-04', 1225305, 0, 3, 12, 27, 24),
('2008611', '7095222', '7095222', 'CHAO THI TANG', 'CHAO THI TANG', '2024/08/05', '2024-10-08', '2024-08-13', '2024-11-04', 647850, 0, 3, 12, 27, 24),
('2008621', '7095222', '7095222', 'CHU VAN XO', 'CHU VAN XO', '2024/08/05', '2024-10-08', '2024-09-04', '2024-11-04', 331414, 0, 3, 12, 27, 24),
('2008631', '7095222', '7095222', 'NGUYEN VAN MENH', 'NGUYEN VAN MENH', '2024/08/05', '2024-10-08', '2024-09-04', '2024-11-04', 317436, 0, 3, 12, 27, 24),
('VP.D33.25.HS55438', 'KHH.D04.YDL.24.HD156.1', 'KHH.D04.YDL.24.HD156', 'VERONIKA ORLOVA', 'VERONIKA ORLOVA', '2024/10/26', '2025-01-23', '2025-01-10', '2025-02-14', 13230996, 4487996, 3, 78, 29, 98),
('VP.D33.25.HS37049', 'DAN.D12.YDL.25.HD2.1', 'DAN.D12.YDL.25.HD2.1', 'HUYNH THANH HOA THI', 'HUYNH THANH HOA THI', '2025/04/08', '2025-04-11', '2025-04-08', '2025-04-29', 8769918, 0, 3, 47, 29, 69),
('VP.D33.25.HS9814', 'BDI.D12.C37.24.HD6.1', 'BDI.D12.C37.24.HD6.1', 'NGUYỄN THỊ HẢI', 'NGUYỄN THỊ HẢI', '2024/06/22', '2024-06-25', '2024-06-22', '2025-03-28', 500000000, 0, 3, 77, 52, 69),
('1971153', '7128708', '7128708', 'HOANG TRANG THI', 'HOANG TRANG THI', '2024/09/17', '2024-12-15', '2024-10-14', '2024-12-03', 1895935, 1895935, 3, 47, 29, 69),
('1997265', 'GLA.D07.KCARE.16.HD01', 'GLA.D07.KCARE.16.HD01', 'TRINH NGOC KHANH', 'TRỊNH NGỌC KHÁNH', '2016/09/01', '2026-08-31', '2024-12-31', '2025-01-12', 507000000, 507000000, 3, 72, 28, 69),
('2018408', '7081084', '7081084', 'NGUYEN TRUONG SINH', 'NGUYEN TRUONG SINH', '2024/08/05', '2025-01-31', '2025-01-01', '2025-03-14', 0, 0, 3, 80, 27, 69),
('VP.D33.25.HS59517', 'TBI.D05.FLE.25.HD44.1', 'TBI.D05.FLE.25.HD44.1', 'PHAN THANH THANH', 'PHAN THANH THANH', '2025/03/27', '2025-09-02', '2025-04-26', '2025-05-29', 0, 0, 3, 7, 27, 69),
('VP.D33.25.HS72666', 'DAN.D14.NND.25.HD2.1', 'DAN.D14.NND.25.HD2.1', 'RONALD CECIL JAMES CAMPBELL', 'RONALD CECIL JAMES CAMPBELL', '2025/05/18', '2025-06-21', '2025-06-05', '2025-06-20', 6357157, 0, 3, 47, 60, 62),
('VP.D33.25.HS69274', 'AG.BVK.24.779.1', 'AG.BVK.24.779.1', 'LÊ THỊ LỆ GIANG', 'LÊ THỊ LỆ GIANG', '2024/04/23', '2025-04-23', '2025-03-14', '2025-04-14', 12500000, 12500000, 3, 72, 28, 62),
('VP.D33.25.HS64472', 'DAN.D15.YDL.25.HD06.1', 'DAN.D15.YDL.25.HD06.1', 'KOTOV ARTEM', 'KOTOV ARTEM', '2025/05/24', '2025-08-22', '2025-05-30', '2025-06-05', 3973976, 844976, 3, 47, 29, 62),
('VP.D33.25.HS37532', 'KHH.D04.YDL.25.HD34.1', 'KHH.D04.YDL.25.HD34', 'GURO ROMAN', 'GURO ROMAN', '2025/02/21', '2025-05-21', '2025-04-17', '2025-04-23', 1302525, 802525, 3, 78, 29, 98);








INSERT INTO HoSoBoiThuong (SoHoSo, SoTheBaoHiem, SoHopDongBaoHiem, NguoiDuocBaoHiem, KhachHang, HLBH_tu, HLBH_den, NgayRuiRo, NgayNhanHoSo, SoTienYeuCau, SoTienBoiThuong, TinhTrangID, CTTVID, SanPhamID, CanBoBoiThuongID) VALUES
('VP.D09.CPA.25.HD3', 'VP.D09.CPA.25.HD3', 'VP.D09.CPA.25.HD3', 'QUANG HUY HOANG', 'QUANG HUY HOANG', '2025-01-01', '2025-12-31', '2025-01-08', '2025-02-24', 0, 960000, 3, 37, 3, 96),
('VP.D09.CPA.25.HD6', 'VP.D09.CPA.25.HD6', 'VP.D09.CPA.25.HD6', 'HUYNH QUOC TOAN', 'HUYNH QUOC TOAN', '2025-01-01', '2025-12-31', '2025-01-11', '2025-02-28', 0, 4232166, 3, 37, 3, 96),
('VP.D09.CPA.25.HD3_2', 'VP.D09.CPA.25.HD3', 'VP.D09.CPA.25.HD3', 'LUONG TUAN VU', 'LUONG TUAN VU', '2025-01-01', '2025-12-31', '2025-01-02', '2025-03-10', 0, 4509983, 3, 37, 3, 96),
('VP.D09.CPA.25.HD3_3', 'VP.D09.CPA.25.HD3', 'VP.D09.CPA.25.HD3', 'LE NGOC PHUNG', 'LE NGOC PHUNG', '2025-01-01', '2025-12-31', '2025-01-13', '2025-03-19', 0, 12212000, 3, 37, 3, 96),
('VP.D09.CPA.25.HD3_4', 'VP.D09.CPA.25.HD3', 'VP.D09.CPA.25.HD3', 'NGUYEN NGOC HUE', 'NGUYEN NGOC HUE', '2025-01-01', '2025-12-31', '2025-02-11', '2025-03-19', 0, 1485000, 3, 37, 3, 96),
('MG.HCM.D18.CPA.24.HD6839890', 'MG.HCM.D18.CPA.24.HD6839890', 'MG.HCM.D18.CPA.24.HD6839890', 'NGUYEN THANH TAM', 'NGUYEN THANH TAM', '2024-03-15', '2025-03-14', '2024-09-22', '2025-03-25', 0, 352000000, 3, 51, 3, 35),
('VP.D06.CPA.24.HD2.422', 'VP.D06.CPA.24.HD2.422', 'VP.D06.CPA.24.HD2.422', 'HUYNH THI CHEN', 'HUYNH THI CHEN', '2024-09-19', '2025-09-18', '2025-04-06', '2025-05-26', 0, 262634, 3, 36, 3, 58),
('VP.D06.CPA.24.HD2.422_2', 'VP.D06.CPA.24.HD2.422', 'VP.D06.CPA.24.HD2.422', 'HUYNH THI CHEN', 'HUYNH THI CHEN', '2024-09-19', '2025-09-18', '2025-04-07', '2025-05-26', 0, 2092547, 3, 36, 3, 58),
('HTH.D01.KHN.24.HD10.813', 'HTH.D01.KHN.24.HD10.813', 'HTH.D01.KHN.24.HD10.813', 'HO VAN THANH', 'HO VAN THANH', '2024-12-01', '2025-11-30', '2025-05-13', '2025-06-16', 0, 20000000, 3, 46, 8, 58),
('VP.D04.KHCN.24.HD111.276', 'VP.D04.KHCN.24.HD111.276', 'VP.D04.KHCN.24.HD111.276', 'THAI NGOC SUONG', 'THAI NGOC SUONG', '2024-10-15', '2025-10-14', '2025-06-10', '2025-06-26', 0, 7292731, 3, 35, 8, 58),
('VP.D04.KHCN.24.HD111.303', 'VP.D04.KHCN.24.HD111.303', 'VP.D04.KHCN.24.HD111.303', 'NGUYEN THI PHUONG THAO', 'NGUYEN THI PHUONG THAO', '2024-10-15', '2025-10-14', '2025-05-27', '2025-06-26', 0, 3500302, 3, 35, 8, 58),
('VP.D04.KHCN.24.HD111.321', 'VP.D04.KHCN.24.HD111.321', 'VP.D04.KHCN.24.HD111.321', 'NGUYEN THI BICH VAN', 'NGUYEN THI BICH VAN', '2024-10-15', '2025-10-14', '2025-05-31', '2025-06-26', 0, 6324094, 3, 35, 8, 58),
('VP.D09.CPA.25.HD3_5', 'VP.D09.CPA.25.HD3', 'VP.D09.CPA.25.HD3', 'LE THI PHU', 'LE THI PHU', '2025-01-01', '2025-12-31', '2025-02-16', '2025-04-02', 0, 19410644, 3, 35, 3, 96),
('VP.D09.CPA.25.HD3.4359', 'VP.D09.CPA.25.HD3.4359', 'VP.D09.CPA.25.HD3.4359', 'NGUYEN TRI HAN', 'NGUYEN TRI HAN', '2025-01-01', '2025-12-31', '2025-01-11', '2025-04-01', 0, 2102380, 3, 35, 3, 96),
('VP.D09.CPA.25.HD6_2', 'VP.D09.CPA.25.HD6', 'VP.D09.CPA.25.HD6', 'LE THIEN NGHIA', 'LE THIEN NGHIA', '2025-01-01', '2025-12-31', '2025-02-18', '2025-04-09', 0, 21403268, 3, 37, 3, 96),
('VP.D09.CPA.25.HD3.17677', 'VP.D09.CPA.25.HD3.17677', 'VP.D09.CPA.25.HD3.17677', 'HOANG VAN LOC', 'HOANG VAN LOC', '2025-01-01', '2025-12-31', '2025-03-29', '2025-04-28', 0, 1646900, 3, 37, 3, 96),
('VP.D09.CPA.25.HD3.13697', 'VP.D09.CPA.25.HD3.13697', 'VP.D09.CPA.25.HD3.13697', 'NGUYEN THE HUAN', 'NGUYEN THE HUAN', '2025-01-01', '2025-12-31', '2025-03-07', '2025-04-28', 0, 6017000, 3, 37, 3, 96),
('VP.D09.CPA.25.HD3.12131', 'VP.D09.CPA.25.HD3.12131', 'VP.D09.CPA.25.HD3.12131', 'NGUYEN HOAI NHAN', 'NGUYEN HOAI NHAN', '2025-01-01', '2025-12-31', '2025-02-16', '2025-04-28', 0, 1710000, 3, 37, 3, 96),
('VP.D09.CPA.25.HD3.9780', 'VP.D09.CPA.25.HD3.9780', 'VP.D09.CPA.25.HD3.9780', 'NGUYEN TAN THI', 'NGUYEN TAN THI', '2025-01-01', '2025-12-31', '2025-03-21', '2025-04-28', 0, 2230000, 3, 37, 3, 96),
('VP.D09.CPA.25.HD13.8', 'VP.D09.CPA.25.HD13.8', 'VP.D09.CPA.25.HD13.8', 'Nguyễn Thị Duyên', 'Nguyễn Thị Duyên', '2025-01-01', '2025-12-31', '2025-01-22', '2025-03-17', 0, 481400, 3, 37, 3, 96),
('VP.D09.CPA.25.HD3.18232', 'VP.D09.CPA.25.HD3.18232', 'VP.D09.CPA.25.HD3.18232', 'MO KHAC HUNG', 'MO KHAC HUNG', '2025-01-01', '2025-12-31', '2025-03-10', '2025-05-05', 0, 251400, 3, 37, 3, 96),
('VP.D09.CPA.25.HD3.22251', 'VP.D09.CPA.25.HD3.22251', 'VP.D09.CPA.25.HD3.22251', 'LUONG TIEN QUYEN', 'LUONG TIEN QUYEN', '2025-01-01', '2025-12-31', '2025-04-12', '2025-05-05', 0, 1172000, 3, 37, 3, 96),
('VP.D09.CPA.25.HD3.19912', 'VP.D09.CPA.25.HD3.19912', 'VP.D09.CPA.25.HD3.19912', 'BUI ANH DUC', 'BUI ANH DUC', '2025-01-01', '2025-12-31', '2025-03-13', '2025-05-05', 0, 1804238, 3, 37, 3, 96),
('VP.D09.CPA.25.HD3.19108', 'VP.D09.CPA.25.HD3.19108', 'VP.D09.CPA.25.HD3.19108', 'BUI THI HOI', 'BUI THI HOI', '2025-01-01', '2025-12-31', '2025-02-22', '2025-05-05', 0, 3400000, 3, 37, 3, 96),
('VP.D09.CPA.25.HD3.E30.1659', 'VP.D09.CPA.25.HD3.E30.1659', 'VP.D09.CPA.25.HD3.E30.1659', 'PHAN VAN BAC', 'PHAN VAN BAC', '2025-01-01', '2025-12-31', '2025-03-29', '2025-05-05', 0, 1150000, 3, 37, 3, 96),
('VP.D09.CPA.25.HD3.20113', 'VP.D09.CPA.25.HD3.20113', 'VP.D09.CPA.25.HD3.20113', 'NGUYEN DINH DAO', 'NGUYEN DINH DAO', '2025-01-01', '2025-12-31', '2025-01-15', '2025-05-05', 0, 2132683, 3, 37, 3, 96),
('VP.D09.CPA.25.HD3.19398', 'VP.D09.CPA.25.HD3.19398', 'VP.D09.CPA.25.HD3.19398', 'TRAN HOANG SON', 'TRAN HOANG SON', '2025-01-01', '2025-12-31', '2025-02-07', '2025-05-05', 0, 5000000, 3, 37, 3, 96),
('VP.D09.CPA.25.HD6.1757', 'VP.D09.CPA.25.HD6.1757', 'VP.D09.CPA.25.HD6.1757', 'DANG THUY TRANG', 'DANG THUY TRANG', '2025-01-01', '2025-12-31', '2025-03-04', '2025-05-08', 0, 2110907, 3, 37, 3, 96),
('VP.D09.CPA.25.HD6.2856', 'VP.D09.CPA.25.HD6.2856', 'VP.D09.CPA.25.HD6.2856', 'LAM VAN BAC', 'LAM VAN BAC', '2025-01-01', '2025-12-31', '2025-03-06', '2025-05-21', 0, 5915353, 3, 37, 3, 96),
('VP.D09.CPA.25.HD3.6848', 'VP.D09.CPA.25.HD3.6848', 'VP.D09.CPA.25.HD3.6848', 'NGUYEN PHUOC THONG', 'NGUYEN PHUOC THONG', '2025-01-01', '2025-12-31', '2025-04-28', '2025-05-22', 0, 800000, 3, 37, 3, 96),
('VP.D09.CPA.25.HD3.5896', 'VP.D09.CPA.25.HD3.5896', 'VP.D09.CPA.25.HD3.5896', 'NGUYEN TAM MINH', 'NGUYEN TAM MINH', '2025-01-01', '2025-12-31', '2025-03-16', '2025-05-22', 0, 728600, 3, 37, 3, 96),
('VP.D09.CPA.25.HD3.5373', 'VP.D09.CPA.25.HD3.5373', 'VP.D09.CPA.25.HD3.5373', 'TA THANH TAM', 'TA THANH TAM', '2025-01-01', '2025-12-31', '2025-03-21', '2025-05-23', 0, 1040000, 3, 37, 3, 96),
('VP.D09.CPA.25.HD3.E30.869', 'VP.D09.CPA.25.HD3.E30.869', 'VP.D09.CPA.25.HD3.E30.869', 'PHAM VAN THIEN', 'PHAM VAN THIEN', '2025-02-19', '2025-12-31', '2025-03-19', '2025-05-23', 0, 42094606, 3, 37, 3, 96),
('VP.D09.CPA.25.HD6.4833', 'VP.D09.CPA.25.HD6.4833', 'VP.D09.CPA.25.HD6.4833', 'TRAN MINH SIEU', 'TRAN MINH SIEU', '2025-01-01', '2025-12-31', '2025-04-01', '2025-05-28', 0, 358616, 3, 37, 3, 96),
('VP.D09.CPA.25.HD3.1905', 'VP.D09.CPA.25.HD3.1905', 'VP.D09.CPA.25.HD3.1905', 'NGUYEN HONG TRIEU', 'NGUYEN HONG TRIEU', '2025-01-01', '2025-12-31', '2025-03-11', '2025-05-29', 0, 3952778, 3, 37, 3, 96),
('VP.D09.CPA.25.HD13.1063', 'VP.D09.CPA.25.HD13.1063', 'VP.D09.CPA.25.HD13.1063', 'Trần Văn Chiệu', 'Trần Văn Chiệu', '2025-01-15', '2026-01-14', '2025-03-20', '2025-06-04', 0, 620000, 3, 37, 3, 92),
('VP.D09.CPA.25.HD6.4846', 'VP.D09.CPA.25.HD6.4846', 'VP.D09.CPA.25.HD6.4846', 'HUYNH MA THE ANH', 'HUYNH MA THE ANH', '2025-01-01', '2025-12-31', '2025-04-09', '2025-06-11', 0, 16383444, 3, 37, 3, 42),
('VP.D09.CPA.25.HD20.3474', 'VP.D09.CPA.25.HD20.3474', 'VP.D09.CPA.25.HD20.3474', 'TRAN HUU CUONG', 'TRAN HUU CUONG', '2025-03-19', '2026-06-18', '2025-03-19', '2025-05-23', 0, 10814067, 3, 37, 3, 46),
('VP.D09.CPA.25.HD20.3819', 'VP.D09.CPA.25.HD20.3819', 'VP.D09.CPA.25.HD20.3819', 'TRAN THI HOANG ANH DAO', 'TRAN THI HOANG ANH DAO', '2025-03-19', '2026-06-18', '2025-03-29', '2025-05-23', 0, 6348202, 3, 37, 3, 46),
('VP.D09.CPA.25.HD3.3149', 'VP.D09.CPA.25.HD3.3149', 'VP.D09.CPA.25.HD3.3149', 'NGUYEN NGOC NAM', 'NGUYEN NGOC NAM', '2025-01-01', '2025-12-31', '2025-05-05', '2025-06-17', 0, 27033032, 3, 37, 3, 152),
('VP.D09.CPA.25.HD2.833', 'VP.D09.CPA.25.HD2.833', 'VP.D09.CPA.25.HD2.833', 'NGUYEN VIET CUONG', 'NGUYEN VIET CUONG', '2025-01-01', '2025-12-31', '2025-04-17', '2025-06-05', 0, 4981087, 3, 37, 3, 46),
('VP.D09.CPA.25.HD3.13214', 'VP.D09.CPA.25.HD3.13214', 'VP.D09.CPA.25.HD3.13214', 'LE DINH DUY', 'LE DINH DUY', '2025-01-01', '2025-12-31', '2025-03-20', '2025-06-18', 0, 560000, 3, 37, 3, 92),
('VP.D09.CPA.25.HD3.7059', 'VP.D09.CPA.25.HD3.7059', 'VP.D09.CPA.25.HD3.7059', 'TRAN XUAN TAI', 'TRAN XUAN TAI', '2025-01-01', '2025-12-31', '2025-03-08', '2025-06-12', 0, 50000000, 3, 37, 3, 191),
('VP.D09.CPA.25.HD3.3543', 'VP.D09.CPA.25.HD3.3543', 'VP.D09.CPA.25.HD3.3543', 'TRAN VAN THO', 'TRAN VAN THO', '2025-01-01', '2025-12-31', '2025-04-13', '2025-06-17', 0, 756000, 3, 37, 3, 191),
('VP.D09.CPA.25.HD13.1120', 'VP.D09.CPA.25.HD13.1120', 'VP.D09.CPA.25.HD13.1120', 'Huỳnh Hữu Văn', 'Huỳnh Hữu Văn', '2025-01-15', '2026-01-14', '2025-03-08', '2025-06-04', 0, 142100, 3, 37, 3, 131),
('VP.D09.CPA.25.HD3.7906', 'VP.D09.CPA.25.HD3.7906', 'VP.D09.CPA.25.HD3.7906', 'HUYNH VAN KHOA', 'HUYNH VAN KHOA', '2025-01-01', '2025-12-31', '2025-04-12', '2025-06-16', 0, 1170000, 3, 37, 3, 114),
('VP.D09.CPA.25.HD3.10091', 'VP.D09.CPA.25.HD3.10091', 'VP.D09.CPA.25.HD3.10091', 'TRAN NGOC AN', 'TRAN NGOC AN', '2025-01-01', '2025-12-31', '2025-03-18', '2025-06-18', 0, 2301760, 3, 37, 3, 114),
('VP.D09.CPA.25.HD20.3686', 'VP.D09.CPA.25.HD20.3686', 'VP.D09.CPA.25.HD20.3686', 'NGO THI BINH', 'NGO THI BINH', '2025-03-19', '2026-03-18', '2025-05-07', '2025-06-17', 0, 1061700, 3, 37, 3, 42),
('VP.D09.CPA.25.HD13.1058', 'VP.D09.CPA.25.HD13.1058', 'VP.D09.CPA.25.HD13.1058', 'NGUYEN VAN CU', 'NGUYEN VAN CU', '2025-01-15', '2026-01-14', '2025-05-09', '2025-06-20', 0, 526000, 3, 37, 3, 191),
('VP.D09.CPA.25.HD3.E30.2602', 'VP.D09.CPA.25.HD3.E30.2602', 'VP.D09.CPA.25.HD3.E30.2602', 'TRAN CONG HAU', 'TRAN CONG HAU', '2025-02-21', '2025-12-31', '2025-05-04', '2025-06-18', 0, 1840000, 3, 37, 3, 42),
('VP.D09.CPA.25.HD6.E44.374', 'VP.D09.CPA.25.HD6.E44.374', 'VP.D09.CPA.25.HD6.E44.374', 'DINH VU THU HA', 'DINH VU THU HA', '2025-03-31', '2025-12-31', '2025-04-10', '2025-05-21', 0, 16155457, 3, 37, 3, 96),
('VP.D09.CPA.25.HD3.1495', 'VP.D09.CPA.25.HD3.1495', 'VP.D09.CPA.25.HD3.1495', 'NGUYEN HONG NGOC', 'NGUYEN HONG NGOC', '2025-01-01', '2025-12-31', '2025-03-22', '2025-06-16', 0, 520073, 3, 37, 3, 131),
('VP.D09.CPA.25.HD20.3864', 'VP.D09.CPA.25.HD20.3864', 'VP.D09.CPA.25.HD20.3864', 'HUYNH THI NHAC', 'HUYNH THI NHAC', '2025-03-19', '2026-03-18', '2025-03-21', '2025-06-30', 0, 2848642, 3, 37, 3, 114),
('VP.D09.CPA.25.HD3.4132', 'VP.D09.CPA.25.HD3.4132', 'VP.D09.CPA.25.HD3.4132', 'NGUYEN KHAC DIEN', 'NGUYEN KHAC DIEN', '2025-01-01', '2025-12-31', '2025-02-21', '2025-06-16', 0, 2388166, 3, 37, 3, 92),
('VP.D09.CPA.25.HD3.E2.39', 'VP.D09.CPA.25.HD3.E2.39', 'VP.D09.CPA.25.HD3.E2.39', 'LE TAN KHANH', 'LE TAN KHANH', '2025-01-01', '2025-12-31', '2025-05-04', '2025-06-18', 0, 945000, 3, 37, 3, 191),
('VP.D09.CPA.25.HD16.7384', 'VP.D09.CPA.25.HD16.7384', 'VP.D09.CPA.25.HD16.7384', 'LƯU DUY QUANG', 'LƯU DUY QUANG', '2025-01-30', '2026-01-29', '2025-05-01', '2025-05-12', 0, 8389438, 3, 37, 3, 18),
('VP.D09.CPA.25.HD16.2391', 'VP.D09.CPA.25.HD16.2391', 'VP.D09.CPA.25.HD16.2391', 'PHẠM THỊ KIM OANH', 'PHẠM THỊ KIM OANH', '2025-01-30', '2026-01-29', '2025-02-03', '2025-05-12', 0, 13457478, 3, 37, 3, 18),
('VP.D09.CPA.25.HD16.4631', 'VP.D09.CPA.25.HD16.4631', 'VP.D09.CPA.25.HD16.4631', 'NGUYỄN VĂN ĐÔNG', 'NGUYỄN VĂN ĐÔNG', '2025-01-30', '2026-01-29', '2025-04-08', '2025-05-12', 0, 9143678, 3, 37, 3, 18),
('VP.D09.CPA.25.HD16.4631_2', 'VP.D09.CPA.25.HD16.4631', 'VP.D09.CPA.25.HD16.4631', 'NGUYỄN VĂN ĐÔNG', 'NGUYỄN VĂN ĐÔNG', '2025-01-30', '2026-01-29', '2025-04-15', '2025-05-12', 0, 3817837, 3, 37, 3, 18),
('VP.D09.CPA.25.HD16.2276', 'VP.D09.CPA.25.HD16.2276', 'VP.D09.CPA.25.HD16.2276', 'NÔNG XUÂN OÁNH', 'NÔNG XUÂN OÁNH', '2025-01-30', '2026-01-29', '2025-03-01', '2025-05-12', 0, 276900000, 3, 37, 3, 18),
('VP.D09.PAI.25.HD1.8', 'VP.D09.PAI.25.HD1.8', 'VP.D09.PAI.25.HD1.8', 'Lê Hữu Bắc', 'Lê Hữu Bắc', '2025-01-01', '2025-12-31', '2025-04-04', '2025-05-15', 0, 4818898, 3, 37, 2, 18),
('VP.D09.CPA.25.HD18.E25.279', 'VP.D09.CPA.25.HD18.E25.279', 'VP.D09.CPA.25.HD18.E25.279', 'LE THI NHAT QUYEN', 'LE THI NHAT QUYEN', '2025-02-20', '2026-01-29', '2025-03-29', '2025-05-29', 0, 1036546, 3, 37, 3, 18),
('VP.D09.CPA.25.HD16.6948', 'VP.D09.CPA.25.HD16.6948', 'VP.D09.CPA.25.HD16.6948', 'HỒ LÊ KIM THỪA', 'HỒ LÊ KIM THỪA', '2025-01-30', '2026-01-29', '2025-04-17', '2025-06-09', 0, 1276041, 3, 37, 3, 18),
('VP.D09.CPA.25.HD16.3158', 'VP.D09.CPA.25.HD16.3158', 'VP.D09.CPA.25.HD16.3158', 'NGUYỄN THỊ THUẬN', 'NGUYỄN THỊ THUẬN', '2025-01-30', '2026-01-29', '2025-04-18', '2025-06-09', 0, 658047, 3, 37, 3, 18),
('VP.D09.CPA.25.HD16.3105', 'VP.D09.CPA.25.HD16.3105', 'VP.D09.CPA.25.HD16.3105', 'NGUYỄN VĂN PHONG', 'NGUYỄN VĂN PHONG', '2025-01-30', '2026-01-29', '2025-04-18', '2025-06-09', 0, 1674415, 3, 37, 3, 18),
('VP.D09.CPA.25.HD16.206', 'VP.D09.CPA.25.HD16.206', 'VP.D09.CPA.25.HD16.206', 'VŨ VĂN XUÂN', 'VŨ VĂN XUÂN', '2025-01-30', '2026-01-29', '2025-04-12', '2025-06-09', 0, 61901870, 3, 37, 3, 18),
('VP.D09.CPA.25.HD26.92', 'VP.D09.CPA.25.HD26.92', 'VP.D09.CPA.25.HD26.92', ' NGUYEN VAN HOA ', ' NGUYEN VAN HOA ', '2025-04-01', '2026-03-31', '2025-04-02', '2025-06-09', 0, 20980765, 3, 37, 3, 18),
('VP.D09.CPA.25.HD16.7384_2', 'VP.D09.CPA.25.HD16.7384', 'VP.D09.CPA.25.HD16.7384', 'LƯU DUY QUANG', 'LƯU DUY QUANG', '2025-01-30', '2026-01-29', '2025-05-01', '2025-06-16', 0, 5421589, 3, 37, 3, 18),
('VP.D09.CPA.25.HD17.E66.36', 'VP.D09.CPA.25.HD17.E66.36', 'VP.D09.CPA.25.HD17.E66.36', 'NGUYEN THANH DUOC', 'NGUYEN THANH DUOC', '2025-04-15', '2026-01-29', '2025-06-06', '2025-06-17', 0, 136000, 3, 37, 3, 18),
('VP.D09.CPA.25.HD17.E66.43', 'VP.D09.CPA.25.HD17.E66.43', 'VP.D09.CPA.25.HD17.E66.43', 'NGUYEN TRIEU DUONG', 'NGUYEN TRIEU DUONG', '2025-04-15', '2026-01-29', '2025-05-12', '2025-06-17', 0, 145335, 3, 37, 3, 18),
('VP.D09.CPA.25.HD5.66', 'VP.D09.CPA.25.HD5.66', 'VP.D09.CPA.25.HD5.66', 'NGUYỄN ĐỨC TIẾN', 'NGUYỄN ĐỨC TIẾN', '2025-01-01', '2025-12-31', '2025-04-26', '2025-06-20', 0, 17812537, 3, 37, 3, 18),
('VP.D09.KHN.25.HD8.2281', 'VP.D09.KHN.25.HD8.2281', 'VP.D09.KHN.25.HD8.2281', 'LE THI THAM', 'LE THI THAM', '2025-04-20', '2026-04-19', '2025-04-20', '2025-06-24', 0, 9345017, 3, 37, 8, 18),
('VP.D09.CPA.25.HD16.2786', 'VP.D09.CPA.25.HD16.2786', 'VP.D09.CPA.25.HD16.2786', 'H NEL MLÔ', 'H NEL MLÔ', '2025-01-30', '2026-01-29', '2025-05-06', '2025-06-30', 0, 1095850, 3, 37, 3, 18),
('VP.D09.CPA.25.HD16.1925', 'VP.D09.CPA.25.HD16.1925', 'VP.D09.CPA.25.HD16.1925', 'NGUYỄN VĂN VIỆT ', 'NGUYỄN VĂN VIỆT ', '2025-01-30', '2026-01-29', '2025-05-22', '2025-06-30', 0, 617455, 3, 37, 3, 18),
('VP.D09.CPA.25.HD16.7258', 'VP.D09.CPA.25.HD16.7258', 'VP.D09.CPA.25.HD16.7258', 'NGUYỄN THỊ HÀ', 'NGUYỄN THỊ HÀ', '2025-01-30', '2026-01-29', '2025-05-14', '2025-06-30', 0, 4191052, 3, 37, 3, 18),
('VP.D09.CPA.25.HD16.206_2', 'VP.D09.CPA.25.HD16.206', 'VP.D09.CPA.25.HD16.206', 'VŨ VĂN XUÂN', 'VŨ VĂN XUÂN', '2025-01-30', '2026-01-29', '2025-06-09', '2025-06-30', 0, 5705636, 3, 37, 3, 18),
('VP.D09.CPA.25.HD16.3718', 'VP.D09.CPA.25.HD16.3718', 'VP.D09.CPA.25.HD16.3718', 'LÊ MINH CHÍ', 'LÊ MINH CHÍ', '2025-01-30', '2026-01-29', '2025-05-14', '2025-06-30', 0, 10830784, 3, 37, 3, 18),
('VP.D09.KHN.25.HD9.724', 'VP.D09.KHN.25.HD9.724', 'VP.D09.KHN.25.HD9.724', 'TRAN THI HOANG YEN', 'TRAN THI HOANG YEN', '2025-04-11', '2026-04-10', '2025-04-16', '2025-06-25', 0, 90000, 3, 37, 8, 35),
('VP.D09.KHN.25.HD9.724_2', 'VP.D09.KHN.25.HD9.724', 'VP.D09.KHN.25.HD9.724', 'LE THI HONG PHUC', 'LE THI HONG PHUC', '2025-04-11', '2026-04-10', '2025-04-16', '2025-06-25', 0, 120000, 3, 37, 8, 35),
('VP.D09.KHN.25.HD9.1573', 'VP.D09.KHN.25.HD9.1573', 'VP.D09.KHN.25.HD9.1573', 'NGUYEN VAN TRUNG', 'NGUYEN VAN TRUNG', '2025-04-25', '2026-04-24', '2025-05-07', '2025-06-25', 0, 150000, 3, 37, 8, 35),
('VP.D09.KHN.25.HD9.3091', 'VP.D09.KHN.25.HD9.3091', 'VP.D09.KHN.25.HD9.3091', 'HUYNH MINH QUAN', 'HUYNH MINH QUAN', '2025-04-25', '2026-04-24', '2025-05-02', '2025-06-25', 0, 150000, 3, 37, 8, 35),
('VP.D09.KHN.25.HD9.5073', 'VP.D09.KHN.25.HD9.5073', 'VP.D09.KHN.25.HD9.5073', 'PHAM THANH THUY', 'PHAM THANH THUY', '2025-04-25', '2026-04-24', '2025-05-16', '2025-06-25', 0, 150000, 3, 37, 8, 35),
('VP.D09.KHN.25.HD9.812', 'VP.D09.KHN.25.HD9.812', 'VP.D09.KHN.25.HD9.812', 'CAO THI TUYET NHI', 'CAO THI TUYET NHI', '2025-04-13', '2026-04-12', '2025-04-24', '2025-06-25', 0, 160000, 3, 37, 8, 35),
('VP.D09.KHN.25.HD9.2232', 'VP.D09.KHN.25.HD9.2232', 'VP.D09.KHN.25.HD9.2232', 'NGUYEN THI TRUC LY', 'NGUYEN THI TRUC LY', '2025-04-14', '2026-04-13', '2025-04-15', '2025-06-25', 0, 160000, 3, 37, 8, 35),
('VP.D09.KHN.25.HD9.2443', 'VP.D09.KHN.25.HD9.2443', 'VP.D09.KHN.25.HD9.2443', 'HOANG THI THUY LINH', 'HOANG THI THUY LINH', '2025-04-25', '2026-04-24', '2025-05-23', '2025-06-25', 0, 200000, 3, 37, 8, 35),
('VP.D09.KHN.25.HD9.3211', 'VP.D09.KHN.25.HD9.3211', 'VP.D09.KHN.25.HD9.3211', 'NGUYEN THI NHU Y', 'NGUYEN THI NHU Y', '2025-04-25', '2026-04-24', '2025-05-13', '2025-06-25', 0, 300000, 3, 37, 8, 35),
('VP.D09.KHN.25.HD9.E25.131', 'VP.D09.KHN.25.HD9.E25.131', 'VP.D09.KHN.25.HD9.E25.131', 'NGUYEN THI HONG THUY', 'NGUYEN THI HONG THUY', '2025-04-25', '2026-04-24', '2025-05-12', '2025-06-25', 0, 300000, 3, 37, 8, 35),
('VP.D09.KHN.25.HD9.2254', 'VP.D09.KHN.25.HD9.2254', 'VP.D09.KHN.25.HD9.2254', 'BUI THI KIM YEN', 'BUI THI KIM YEN', '2025-04-25', '2026-04-24', '2025-04-30', '2025-06-25', 0, 1090000, 3, 37, 8, 35),
('VP.D09.KHN.25.HD9.1510', 'VP.D09.KHN.25.HD9.1510', 'VP.D09.KHN.25.HD9.1510', 'TRAN THI HONG THAM', 'TRAN THI HONG THAM', '2025-04-25', '2026-04-24', '2025-04-26', '2025-06-25', 0, 1090000, 3, 37, 8, 35),
('HCM7.D23.PAI.24.HD40.4644', 'HCM7.D23.PAI.24.HD40.4644', 'HCM7.D23.PAI.24.HD40.4644', 'NGÔ VĂN MẪN', 'NGÔ VĂN MẪN', '2025-01-01', '2025-12-31', '2025-05-15', '2025-06-25', 0, 1098022, 3, 37, 2, 35),
('VP.D09.KHN.25.HD9.2441', 'VP.D09.KHN.25.HD9.2441', 'VP.D09.KHN.25.HD9.2441', 'LE THI KIEU NUONG', 'LE THI KIEU NUONG', '2025-04-25', '2026-04-24', '2025-05-05', '2025-06-25', 0, 1120000, 3, 37, 8, 35),
('VP.D09.KHN.25.HD9.4519', 'VP.D09.KHN.25.HD9.4519', 'VP.D09.KHN.25.HD9.4519', 'TRAN THI KIM THOA', 'TRAN THI KIM THOA', '2025-04-25', '2026-04-24', '2025-04-30', '2025-06-25', 0, 1120000, 3, 37, 8, 35),
('VP.D09.KHN.25.HD9.1979', 'VP.D09.KHN.25.HD9.1979', 'VP.D09.KHN.25.HD9.1979', 'VO THI YEN MY', 'VO THI YEN MY', '2025-04-25', '2026-04-24', '2025-05-05', '2025-06-25', 0, 1120000, 3, 37, 8, 35),
('VP.D09.KHN.25.HD9.3112', 'VP.D09.KHN.25.HD9.3112', 'VP.D09.KHN.25.HD9.3112', 'NGUYEN THI XEM', 'NGUYEN THI XEM', '2025-04-25', '2026-04-24', '2025-05-15', '2025-06-25', 0, 1120000, 3, 37, 8, 35),
('VP.D09.KHN.25.HD9.5723', 'VP.D09.KHN.25.HD9.5723', 'VP.D09.KHN.25.HD9.5723', 'NGUYEN THI ANH TUYET', 'NGUYEN THI ANH TUYET', '2025-04-25', '2026-04-24', '2025-05-12', '2025-06-25', 0, 1150000, 3, 37, 8, 35),
('VP.D09.KHN.25.HD9.3252', 'VP.D09.KHN.25.HD9.3252', 'VP.D09.KHN.25.HD9.3252', 'HO THI THU TUYEN', 'HO THI THU TUYEN', '2025-04-25', '2026-04-24', '2025-05-02', '2025-06-25', 0, 1150000, 3, 37, 8, 35),
('VP.D09.KHN.25.HD9.5933', 'VP.D09.KHN.25.HD9.5933', 'VP.D09.KHN.25.HD9.5933', 'DOAN THI KIM LE', 'DOAN THI KIM LE', '2025-04-24', '2026-04-23', '2025-05-02', '2025-06-25', 0, 1180000, 3, 37, 8, 35),
('VP.D09.KHN.25.HD9.5479', 'VP.D09.KHN.25.HD9.5479', 'VP.D09.KHN.25.HD9.5479', 'NGUYEN THI KIM ANH', 'NGUYEN THI KIM ANH', '2025-04-25', '2026-04-24', '2025-05-20', '2025-06-25', 0, 1180000, 3, 37, 8, 35),
('HCM7.D23.PAI.24.HD40.4333', 'HCM7.D23.PAI.24.HD40.4333', 'HCM7.D23.PAI.24.HD40.4333', 'NGUYỄN VĂN PHÚC', 'NGUYỄN VĂN PHÚC', '2025-01-01', '2025-12-31', '2025-05-19', '2025-06-25', 0, 1446723, 3, 37, 2, 35),
('VP.D09.KHN.25.HD9.2398', 'VP.D09.KHN.25.HD9.2398', 'VP.D09.KHN.25.HD9.2398', 'PHAN THI KIM THOA', 'PHAN THI KIM THOA', '2025-04-25', '2026-04-24', '2025-05-07', '2025-06-25', 0, 180000, 3, 37, 8, 35),
('HCM7.D23.PAI.24.HD40.3567', 'HCM7.D23.PAI.24.HD40.3567', 'HCM7.D23.PAI.24.HD40.3567', 'ĐẶNG VĂN NHỰT', 'ĐẶNG VĂN NHỰT', '2025-01-01', '2025-12-31', '2025-02-07', '2025-05-28', 0, 19583237, 3, 37, 2, 35),
('VP.D09.KHN.25.HD9.2790', 'VP.D09.KHN.25.HD9.2790', 'VP.D09.KHN.25.HD9.2790', 'TRAN THI DIEM TRINH', 'TRAN THI DIEM TRINH', '2025-04-12', '2026-04-11', '2025-04-29', '2025-06-25', 0, 190000, 3, 37, 8, 35),
('VP.D09.KHN.25.HD9.2042', 'VP.D09.KHN.25.HD9.2042', 'VP.D09.KHN.25.HD9.2042', 'NGUYEN THI TUYET MAI', 'NGUYEN THI TUYET MAI', '2025-04-19', '2026-04-18', '2025-05-12', '2025-06-25', 0, 190000, 3, 37, 8, 35),
('VP.D09.KHN.25.HD9.1605', 'VP.D09.KHN.25.HD9.1605', 'VP.D09.KHN.25.HD9.1605', 'PHAM THI KIEU TIEN', 'PHAM THI KIEU TIEN', '2025-04-22', '2026-04-21', '2025-04-23', '2025-06-25', 0, 190000, 3, 37, 8, 35),
('VP.D09.KHN.25.HD9.3079', 'VP.D09.KHN.25.HD9.3079', 'VP.D09.KHN.25.HD9.3079', 'LE THI THUY TIEN', 'LE THI THUY TIEN', '2025-04-23', '2026-04-22', '2025-05-23', '2025-06-25', 0, 190000, 3, 37, 8, 35),
('HCM7.D23.PAI.24.HD40.4014', 'HCM7.D23.PAI.24.HD40.4014', 'HCM7.D23.PAI.24.HD40.4014', 'PHẠM THỊ KIM CHÂU', 'PHẠM THỊ KIM CHÂU', '2025-01-01', '2025-12-31', '2025-05-27', '2025-06-25', 0, 2220000, 3, 37, 2, 35),
('VP.D09.KHN.25.HD9.620', 'VP.D09.KHN.25.HD9.620', 'VP.D09.KHN.25.HD9.620', 'LE HOANG SON', 'LE HOANG SON', '2025-04-25', '2026-04-24', '2025-05-05', '2025-06-25', 0, 210000, 3, 37, 8, 35),
('VP.D09.KHN.25.HD9.6210', 'VP.D09.KHN.25.HD9.6210', 'VP.D09.KHN.25.HD9.6210', 'HUYNH NHAN PHONG', 'HUYNH NHAN PHONG', '2025-04-25', '2026-04-24', '2025-05-11', '2025-06-25', 0, 210000, 3, 37, 8, 35),
('VP.D09.KHN.25.HD9.4948', 'VP.D09.KHN.25.HD9.4948', 'VP.D09.KHN.25.HD9.4948', 'BUI THI MINH THU', 'BUI THI MINH THU', '2025-04-17', '2026-04-16', '2025-05-09', '2025-06-25', 0, 220000, 3, 37, 8, 35),
('VP.D09.KHN.25.HD9.3173', 'VP.D09.KHN.25.HD9.3173', 'VP.D09.KHN.25.HD9.3173', 'NGUYEN THI MY LOAN', 'NGUYEN THI MY LOAN', '2025-04-21', '2026-04-20', '2025-05-12', '2025-06-25', 0, 220000, 3, 37, 8, 35),
('HCM7.D23.PAI.24.HD40.3121', 'HCM7.D23.PAI.24.HD40.3121', 'HCM7.D23.PAI.24.HD40.3121', 'PHAN THANH TRAI', 'PHAN THANH TRAI', '2025-01-01', '2025-12-31', '2025-04-09', '2025-06-25', 0, 3845335, 3, 37, 2, 35),
('VP.D09.KHN.25.HD1.865', 'VP.D09.KHN.25.HD1.865', 'VP.D09.KHN.25.HD1.865', 'NGUYỄN VĂN SỸ', 'NGUYỄN VĂN SỸ', '2025-01-01', '2025-12-31', '2025-05-15', '2025-06-25', 0, 352962, 3, 37, 8, 35),
('HCM7.D23.PAI.24.HD40.4696', 'HCM7.D23.PAI.24.HD40.4696', 'HCM7.D23.PAI.24.HD40.4696', 'NGUYỄN THANH CA', 'NGUYỄN THANH CA', '2025-01-01', '2025-12-31', '2025-04-08', '2025-05-28', 0, 6114439, 3, 37, 2, 35),
('VP.D09.KHN.25.HD9.1620', 'VP.D09.KHN.25.HD9.1620', 'VP.D09.KHN.25.HD9.1620', 'NGUYEN THI NGOC HAN', 'NGUYEN THI NGOC HAN', '2025-04-25', '2026-04-24', '2025-05-04', '2025-06-25', 0, 60000, 3, 37, 8, 35),
('VP.D09.KHN.25.HD9.3826', 'VP.D09.KHN.25.HD9.3826', 'VP.D09.KHN.25.HD9.3826', 'nguyen chi thanh', 'nguyen chi thanh', '2025-04-25', '2026-04-24', '2025-05-12', '2025-06-25', 0, 60000, 3, 37, 8, 35),
('HCM7.D23.PAI.24.HD40.3711', 'HCM7.D23.PAI.24.HD40.3711', 'HCM7.D23.PAI.24.HD40.3711', 'TRẦN THỊ HÂN', 'TRẦN THỊ HÂN', '2025-01-01', '2025-12-31', '2025-05-19', '2025-06-25', 0, 811100, 3, 37, 2, 35),
('VP.D09.KHN.25.HD9.1254', 'VP.D09.KHN.25.HD9.1254', 'VP.D09.KHN.25.HD9.1254', 'VO THI CAM TU', 'VO THI CAM TU', '2025-04-18', '2026-04-17', '2025-05-21', '2025-06-25', 0, 90000, 3, 37, 8, 35),
('VP.D09.KHN.25.HD9.3443', 'VP.D09.KHN.25.HD9.3443', 'VP.D09.KHN.25.HD9.3443', 'PHAM DUY BINH', 'PHAM DUY BINH', '2025-04-25', '2026-04-24', '2025-05-08', '2025-06-25', 0, 90000, 3, 37, 8, 35),
('VP.D09.KHN.25.HD9.1980', 'VP.D09.KHN.25.HD9.1980', 'VP.D09.KHN.25.HD9.1980', 'DOAN THI PHUC', 'DOAN THI PHUC', '2025-04-25', '2026-04-24', '2025-05-05', '2025-06-25', 0, 90000, 3, 37, 8, 35),
('VP.D09.KHN.25.HD9.5366', 'VP.D09.KHN.25.HD9.5366', 'VP.D09.KHN.25.HD9.5366', 'TRAN THUY THUY TRANG', 'TRAN THUY THUY TRANG', '2025-04-25', '2026-04-24', '2025-05-08', '2025-06-25', 0, 90000, 3, 37, 8, 35),
('VP.D09.KHN.25.HD9.6248', 'VP.D09.KHN.25.HD9.6248', 'VP.D09.KHN.25.HD9.6248', 'CAO LINH NHI', 'CAO LINH NHI', '2025-04-25', '2026-04-24', '2025-05-13', '2025-06-25', 0, 90000, 3, 37, 8, 35),
('VP.D09.KHN.25.HD9.5466', 'VP.D09.KHN.25.HD9.5466', 'VP.D09.KHN.25.HD9.5466', 'NGUYEN HOANG DUNG', 'NGUYEN HOANG DUNG', '2025-04-25', '2026-04-24', '2025-05-16', '2025-06-25', 0, 90000, 3, 37, 8, 35),
('VP.D09.KHN.25.HD9.3739', 'VP.D09.KHN.25.HD9.3739', 'VP.D09.KHN.25.HD9.3739', 'KHA THI CAM GIENG', 'KHA THI CAM GIENG', '2025-04-25', '2026-04-24', '2025-05-26', '2025-06-25', 0, 90000, 3, 37, 8, 35),
('HCM7.D23.PAI.24.HD40.4143', 'HCM7.D23.PAI.24.HD40.4143', 'HCM7.D23.PAI.24.HD40.4143', 'LÊ VŨ', 'LÊ VŨ', '2025-01-01', '2025-12-31', '2025-05-27', '2025-06-25', 0, 985095, 3, 37, 2, 35),
('HCM7.D23.PAI.24.HD40.2725', 'HCM7.D23.PAI.24.HD40.2725', 'HCM7.D23.PAI.24.HD40.2725', 'HIỀN THỊ ÚT NA', 'HIỀN THỊ ÚT NA', '2025-01-01', '2025-12-31', '2025-02-24', '2025-04-11', 0, 7929089, 3, 53, 2, 35),
('HCM7.D23.PAI.24.HD40.656', 'HCM7.D23.PAI.24.HD40.656', 'HCM7.D23.PAI.24.HD40.656', 'PHẠM THỊ CHÍN', 'PHẠM THỊ CHÍN', '2025-01-01', '2025-12-31', '2025-04-07', '2025-05-13', 0, 5055696, 3, 37, 8, 35),
('HCM7.D23.PAI.24.HD40.2369', 'HCM7.D23.PAI.24.HD40.2369', 'HCM7.D23.PAI.24.HD40.2369', 'LÊ QUANG SƠN', 'LÊ QUANG SƠN', '2025-01-01', '2025-12-31', '2025-03-12', '2025-05-13', 0, 5284944, 3, 37, 8, 35),
('HCM7.D23.PAI.24.HD40.2932', 'HCM7.D23.PAI.24.HD40.2932', 'HCM7.D23.PAI.24.HD40.2932', 'TRẦN THỊ NGA', 'TRẦN THỊ NGA', '2025-01-01', '2025-12-31', '2025-04-14', '2025-06-25', 0, 9049593, 3, 37, 2, 35),
('VP.D09.KHN.25.HD1.865_2', 'VP.D09.KHN.25.HD1.865', 'VP.D09.KHN.25.HD1.865', 'Lê Văn Duy', 'Lê Văn Duy', '2025-01-01', '2025-12-31', '2025-05-27', '2025-06-25', 0, 1630000, 3, 37, 2, 35),
('VP.D09.KHN.25.HD9.E25.25', 'VP.D09.KHN.25.HD9.E25.25', 'VP.D09.KHN.25.HD9.E25.25', 'NGUYEN VAN CONG', 'NGUYEN VAN CONG', '2025-04-11', '2026-04-10', '2025-04-19', '2025-06-25', 0, 120000, 3, 37, 8, 35),
('VP.D09.KHN.25.HD9.4311', 'VP.D09.KHN.25.HD9.4311', 'VP.D09.KHN.25.HD9.4311', 'DANG VO MONG THU', 'DANG VO MONG THU', '2025-04-11', '2026-04-10', '2025-04-23', '2025-06-25', 0, 120000, 3, 37, 8, 35),
('VP.D09.KHN.25.HD9.2688', 'VP.D09.KHN.25.HD9.2688', 'VP.D09.KHN.25.HD9.2688', 'NGUYEN DUC HUY', 'NGUYEN DUC HUY', '2025-04-11', '2026-04-10', '2025-04-14', '2025-06-25', 0, 1200000, 3, 37, 8, 35),
('VP.D09.KHN.25.HD9.2671', 'VP.D09.KHN.25.HD9.2671', 'VP.D09.KHN.25.HD9.2671', 'HUYNH HUONG', 'HUYNH HUONG', '2025-04-11', '2026-04-10', '2025-04-15', '2025-06-25', 0, 1120000, 3, 37, 8, 35),
('VP.D09.KHN.25.HD9.3151', 'VP.D09.KHN.25.HD9.3151', 'VP.D09.KHN.25.HD9.3151', 'CHAU THI THAM', 'CHAU THI THAM', '2025-04-11', '2026-04-10', '2025-04-17', '2025-06-25', 0, 1500000, 3, 37, 8, 35),
('VP.D09.KHN.25.HD9.2314', 'VP.D09.KHN.25.HD9.2314', 'VP.D09.KHN.25.HD9.2314', 'HUYNH THAI DUONG', 'HUYNH THAI DUONG', '2025-04-11', '2026-04-10', '2025-04-12', '2025-06-25', 0, 180000, 3, 37, 8, 35),
('VP.D09.KHN.25.HD9.519', 'VP.D09.KHN.25.HD9.519', 'VP.D09.KHN.25.HD9.519', 'NGUYEN KIM PHUNG', 'NGUYEN KIM PHUNG', '2025-04-11', '2026-04-10', '2025-04-16', '2025-06-25', 0, 180000, 3, 37, 8, 35),
('VP.D09.KHN.25.HD9.2733', 'VP.D09.KHN.25.HD9.2733', 'VP.D09.KHN.25.HD9.2733', 'PHAM THI DUONG', 'PHAM THI DUONG', '2025-04-11', '2026-04-10', '2025-04-11', '2025-06-25', 0, 190000, 3, 37, 8, 35),
('VP.D09.KHN.25.HD9.3204', 'VP.D09.KHN.25.HD9.3204', 'VP.D09.KHN.25.HD9.3204', 'NGUYEN THAC SAN', 'NGUYEN THAC SAN', '2025-04-11', '2026-04-10', '2025-04-25', '2025-06-25', 0, 210000, 3, 37, 8, 35),
('VP.D09.KHN.25.HD9.3656', 'VP.D09.KHN.25.HD9.3656', 'VP.D09.KHN.25.HD9.3656', 'TRAN DANG NGOC HAN', 'TRAN DANG NGOC HAN', '2025-04-11', '2026-04-10', '2025-04-15', '2025-06-25', 0, 220000, 3, 37, 8, 35),
('VP.D09.KHN.25.HD9.4128', 'VP.D09.KHN.25.HD9.4128', 'VP.D09.KHN.25.HD9.4128', 'HO THI BICH THAO', 'HO THI BICH THAO', '2025-04-11', '2026-04-10', '2025-04-23', '2025-06-25', 0, 60000, 3, 37, 8, 35),
('VP.D09.KHN.25.HD9.3853', 'VP.D09.KHN.25.HD9.3853', 'VP.D09.KHN.25.HD9.3853', 'NGUYEN HUYNH THI NGOC THAO', 'NGUYEN HUYNH THI NGOC THAO', '2025-04-11', '2026-04-10', '2025-04-16', '2025-06-25', 0, 60000, 3, 37, 8, 35),
('VP.D09.KHN.25.HD9.3159', 'VP.D09.KHN.25.HD9.3159', 'VP.D09.KHN.25.HD9.3159', 'NGUYEN THI THUY NGAN', 'NGUYEN THI THUY NGAN', '2025-04-11', '2026-04-10', '2025-04-11', '2025-06-25', 0, 60000, 3, 37, 8, 35),
('VP.D09.KHN.25.HD9.1865', 'VP.D09.KHN.25.HD9.1865', 'VP.D09.KHN.25.HD9.1865', 'NGUYEN TAM NHU', 'NGUYEN TAM NHU', '2025-04-11', '2026-04-10', '2025-04-15', '2025-06-25', 0, 60000, 3, 37, 8, 35),
('VP.D09.KHN.25.HD9.4524', 'VP.D09.KHN.25.HD9.4524', 'VP.D09.KHN.25.HD9.4524', 'LE THI THU UYEN', 'LE THI THU UYEN', '2025-04-11', '2026-04-10', '2025-04-18', '2025-06-25', 0, 90000, 3, 37, 8, 35),
('VP.D09.CPA.25.HD16.2141', 'VP.D09.CPA.25.HD16.2141', 'VP.D09.CPA.25.HD16.2141', 'DƯƠNG PHƯỚC TRÍ', 'DƯƠNG PHƯỚC TRÍ', '2025-01-30', '2026-01-29', '2025-03-30', '2025-04-08', 0, 893779, 3, 37, 3, 18);
